,0,1,2,3,4,5,6
0,-0.6744326267282785,-0.7829312916109149,0.31718858940812866,-0.13455038550513115,-0.46052049854427746,0.12877741122134995,-0.17535765075594123
1,0.6653601049573201,-0.2913268922187325,-0.2388466790403755,-0.04519667951456133,-0.20899219077698744,-0.2934604374883072,0.3361704281465912
2,-0.45419780441266006,0.8225307569503748,0.5509310494905763,0.5965738668620096,-0.756401405598645,-0.5299848418059819,0.06740034003804837
3,-0.859064789351621,0.14496617920973456,-0.4780541921941266,-0.11242857026607195,-0.0028081256772270195,-0.4069072585540741,-0.2563033230672789
4,-0.9764517088448571,-0.20299996848348234,-0.5631976999324333,0.16245283053769558,0.05446866816893094,0.27035191115282814,-0.03990462589997238
5,0.08125532302926221,-0.8675062522344023,1.1674832586052235,0.07069514472434661,0.32605453693946834,0.14885744533956424,0.24225423161279888
6,-0.5524976550296263,0.2615065180206866,1.0489097594118042,-0.6099788846147948,-0.30122970313365627,-0.3758884136720148,-0.263423261153222
7,-0.5886842830332892,-0.2330078955348463,0.3517537054621472,0.016066485471256192,-0.06498191133883352,0.16917703532578857,0.5985263960915275
8,-1.4213510032016177,-0.09944531863591134,0.3054177271724164,-0.6223783599942719,0.3377341985415501,0.26015308381480523,0.49006801516818016
9,-0.05277489302911147,0.38592748684449935,-0.06113198721235154,-0.5870146027574633,-0.5421442887101476,0.5824799003641322,0.13122934670641617
10,0.26091469868613865,0.03955948169925465,0.8734899050089981,-0.4452715630452194,0.4596527773653294,0.09984699824808352,-0.5598682765588588
11,-0.5370254867783125,0.05453299352380212,-0.7838441164196596,0.5868392257755582,0.07072542178159072,0.530230167819831,-0.3375245955343026
12,-0.31259325947546307,0.06988649115131473,0.31325762918937217,0.17523495433949313,0.5210394852781636,0.4177980396199241,-0.23641261438539163
13,-0.29525210024252174,1.1534883644292602,0.5346021788720698,0.3012838595698672,0.2679967295438326,0.8868355798890365,-0.0291557914104825
14,16.15664055668602,-1.9462938083226122,0.3552795461601431,-1.8306525727372034,0.6434422444072962,0.7268548634943154,1.558412949050166
15,-0.7537210082575277,0.379521754357525,1.1927071150725423,0.2375628399978497,-0.4178363168138513,-0.8427987474433273,-0.2154499414602454
16,-0.6615527066135228,1.007667304726638,0.026027356139851424,0.8569162393863693,0.44321238942497804,0.8096839620561669,0.04639453724785644
17,-0.3584799413254091,-0.13921460524453796,0.4331203921272282,-0.9280187765479683,0.05740339091766686,0.5217072340357847,0.2935429557261263
18,-0.3966186401884277,-1.3257708965046837,0.15980641300233422,-0.31749665154028306,-0.25754277269489145,0.6979311327105758,0.9606781390739416
19,-0.03780201129172667,-0.27010526917202676,0.5909864013013598,-0.3652547283414459,-0.5630509356561896,0.6299746215238404,1.0944343759516169
20,-0.8929907838746031,-0.5901228413457994,0.5633131025912518,0.30119274568922294,-0.3926128853140653,0.005742348244298929,0.6061134631158962
21,-0.447048696456227,0.15015389298365264,-0.7399871859670196,-0.9309010180621898,1.0085589322376904,-0.28970643095508986,-0.5467276379744302
22,-1.0561140415685533,-1.3377124736159225,-1.1190074691454113,-0.24428474349839985,0.4445194837988238,-0.45117710965818547,1.2033803764337825
23,-1.0301797803268549,-0.365785087368969,0.5089622748280234,0.21088513899007516,-0.26223586333797105,-0.2778135186566994,0.24662880580156926
24,-1.4076674980737904,0.2160978486301248,-0.2150446319816251,0.2377769760609936,0.42274037135178705,0.0624636377947412,-0.3171788299657173
25,16.263671518609474,0.22927350795531762,-2.9657636554431046,-2.473989614503754,-0.8433278450225965,-0.9437163860257682,-0.06630041760172763
26,-0.5001113019855766,0.21775719219204834,0.00940804071614182,-0.9687784129815167,-0.19125062130798512,0.1154476093957123,0.20613729939697306
27,-0.615050817801087,-0.2651983703029077,-0.012208374783686825,-0.35409683080461973,-0.7800455493365692,-0.6809034171855338,0.10100586524163098
28,-0.3495389443377208,0.5814352737632136,0.7369864787803837,-0.5761187813645,0.855282251943223,-1.1268712096999527,-0.7562994381494974
29,-1.4614781358760327,0.4464746853308914,-0.15486065119935052,-0.5858213909554509,-0.1724914867243511,0.9185261801407478,-0.33939854089388544
30,-0.30855494204084505,0.18915078126212695,-0.5872729272265442,-0.7443084303209849,1.786664625428373,-0.173022750286428,0.2894755203508455
31,-0.9045801574304153,-0.011003586825794708,0.7626621154386886,1.0907071341405852,0.8244998195839013,-0.5127820007866533,-0.6983863540368777
32,-0.3018596426052528,-0.34093022901025977,-1.0910463561652088,-0.16589823051113736,0.15880471643505384,0.4154619507104055,-0.752861989397075
33,0.48421410515430663,0.2992719554790322,-1.3988907851269567,-0.3459285356487705,-0.5240544363448016,-0.3991673262887172,-0.7074528569558837
34,-0.012163873700483444,-0.011979263476095459,-0.08501406766210874,0.06925131272402602,0.44357014997259286,0.7127359039125205,-0.43568911769327345
35,0.09042792376571357,0.3549900586188958,-1.0489649167278865,-0.15602822740477004,-0.057130525113136287,0.5561611957333773,-0.9742500594229369
36,-0.021087326893553224,0.03612473892057633,-0.7724119849049468,-0.46575665341092315,-0.5647110846982816,-0.19101073422581227,0.26886210598569127
37,0.5132882017640513,0.5707125392253422,0.674050713073872,-0.3167044303040936,-0.32155328270860656,0.46824156599842653,-0.107853859964215
38,-0.9736388821761757,-0.23837509046539487,-0.3412155835063661,0.7165621510986571,0.15991626011946358,0.28506394952910724,0.2964320859878008
39,0.5740860604743887,0.19354730247418317,-0.5104044312243307,-0.15165580670307202,0.849703982328112,-0.22031507882709989,-0.03363533796811542
40,0.6679288374398465,1.1380139506767508,0.9312406915400163,0.350686973013916,-0.4967450431068904,0.02428686428580084,1.0433534069432198
41,-0.40018486120679464,-0.11652129706841241,-0.10326719823181645,-0.24162081400529126,-0.9877000892569608,-0.5413469183156556,-0.2841048217651596
42,-0.40218631555360246,-0.06427050321585444,0.2158928926375367,0.5083052933900536,0.6123770049723406,-0.3323409729023515,0.20763825489708637
43,-0.4070761620030336,0.1816302124596333,0.37600706312297766,0.4328144491583578,-0.6759018376329569,1.2017307920401228,0.1873771184940913
44,0.2320535842391791,0.40490393103456107,-0.3043953559108758,0.9015426050299069,0.807581334695226,0.6604189629036183,0.05308893665832899
45,-0.4532010630453855,-0.3030803232294946,0.18411665473914599,-0.2751524048662207,0.3048017429116552,-0.6696971077550629,0.2982716794159846
46,-1.051083638023809,0.07755227219320082,-0.46966207885057915,0.771891081607352,-0.5312795887207775,0.011495091524764451,0.4236688709808129
47,-0.13657871190165805,-0.014310936088174126,-1.4682953672184533,-0.06865897596625577,-0.35901735760536463,0.2890627730705577,0.3837031890930247
48,-0.007308938950366044,0.6215923203084165,0.7779808052905004,0.27876498589426596,0.16150780601545042,-1.0736584805507183,0.6668665122660898
49,-0.02064222304613197,0.5043008964490011,-0.8765820929242735,-1.1578213844137712,0.098684627679385,-0.026668257066239417,-0.13907898653223386
50,-0.45054928398795346,0.4608642729057568,-0.17257716238877802,0.13753232394798584,-0.07357911551234347,0.15826733128403037,-0.4226037631378418
51,-0.3715627873998587,0.1925699345253413,-0.7067837539135938,0.23901249714235723,-0.22408877085535048,0.7800231395542457,0.2917125030443159
52,-0.2779006469613385,-0.015059361860560642,0.1412663504994954,0.11343224641399323,0.2102255074511787,0.2935753860286167,0.6253912097690572
53,0.018798585273575738,-0.9543257936061492,0.09496631505792963,0.16787576935469006,-0.3486607444585935,-0.9634711170318531,0.5427166257132907
54,1.0136951042237639,1.3346805752412234,-0.5288079770983876,1.0316782834127394,-0.06781708105447729,0.31910109688426,-0.5124821957682684
55,-0.12823756412397055,-0.4058526579565185,-0.2415718763108932,-0.637176609716438,-0.3626321201106131,-0.9617609974318903,0.19995052495816112
56,-0.29793994095757514,0.3805639445001276,0.3555315583782835,-0.21027258308927074,-0.49697163769729474,-0.1809165446257919,-0.6806253896218598
57,-0.0877426503070748,0.18248009316212593,0.12024535204128312,0.34226235458655224,-0.8568969196720824,-0.07482957212682942,-0.33234606135078804
58,0.11815238026076041,1.1125447508555273,-0.3527665210354853,-0.37308980803098585,0.7918593948353316,0.3433403235224006,-0.37817504740144614
59,-0.05672872807001471,0.1766083633228676,0.2406519792398462,0.708075345609086,0.28295092220879225,-0.31086964559346036,0.24285191359995448
60,0.21543754517242059,0.3627722816246366,0.6301738718249076,-0.22301125965207177,-0.6610767079016675,0.02680770463590215,0.1978819225156044
61,-0.1864827617022536,0.35313878371051177,0.14029120616900548,-0.02115620248533803,0.3063432914513668,-0.7597775885080513,-0.8608867526221474
62,0.25236871645150616,0.9563080966522409,0.26805920153718304,0.45920139124624365,0.8757324816426906,-0.38059563638352545,-0.15197494586496876
63,-0.16975186164977218,0.0673620100639183,-0.10478807973640643,0.7141827714094767,0.849658461083482,-0.024534485840069037,0.09243647995930802
64,-1.1997017264948604,-0.0580581004363662,-1.0290537855561026,0.03725345504990505,0.45007978263021314,-0.3219160353589954,-0.019390810968174146
65,-0.557682138342874,-0.6240421464704644,0.127635768757346,0.03316858721540825,-0.6143061401941521,-0.3063973800245912,-0.33961298720399485
66,0.14925219900182388,0.3450980428304319,0.5441484110832727,0.3625186540966244,-0.2497182817999516,0.6777035714262621,0.24348252818279237
67,-0.761748805793364,-0.021623042184494397,0.49980358758267157,-0.3610901449579608,-0.13784629785660674,0.048431775566420206,0.3262853058841469
68,1.0034191081287387,0.8305432186915599,-0.08834730976320516,0.2948476489623866,0.07467277168436826,-0.5358897910772208,-0.5617609818804898
69,-0.8928987335958761,-0.25068812394407886,-0.15068371311208276,0.4490765827122554,0.518538890183076,-0.5765790368236948,-0.10883668846535324
70,-0.0745285270821854,-0.9777641269566181,0.9934213041302421,-0.7724462175107961,-1.0420183646720216,0.6344433870501562,0.06908594652059676
71,1.2534381920543236,-0.3033886837682297,-0.0928606443314815,-0.39691932393629376,-0.5287787013928975,0.4051565989840714,0.11041474202355976
72,-0.708792362648164,-0.014239660783064925,0.22488980536964046,-0.04987125979572243,0.5021007640299191,-0.45706436774087844,-0.6842851012885459
73,-0.8125694286347028,0.8230169637999682,-0.017206639200799446,-0.2442803311919434,0.3483928589707676,-0.8728003824385533,0.7018462004946044
74,0.19709600516271158,0.08280065672620797,0.0045403708312490906,0.5129657429178479,-0.34815259262134296,0.477972451078323,-0.08409167809445897
75,0.7423632927505989,0.2532525936806472,0.8218710273366855,0.4618716054200113,-0.3073099801891772,-0.2519435728754916,0.23719798658720945
76,-0.0963174039590359,-0.15661647146029714,0.5414563472542535,0.14216824274267953,-0.7952953621423268,1.2125512569373464,-0.06343344920988671
77,0.5949398802742218,-0.8859646639026934,0.3460141526784326,-0.013837166903499318,0.22263186030278007,0.18490435316176862,-0.20439083888404777
78,-0.38310280312360245,-0.2830176028394915,0.9050259469236243,-0.21855486027055843,0.8620388798414864,0.5986949238581122,0.18182160684966794
79,-1.2681806920742607,-0.7403805705634108,1.50011974132088,0.9108754816262248,0.058259356098057546,0.27477870890773426,-0.10971514437853222
80,-0.1779940442226017,0.6364124574373922,0.8419029364203894,0.14784161829970968,0.12708175034690264,-0.3985507868342003,-0.005995304947516829
81,-1.0116990202360834,-0.36688787766024455,-0.4041125166968067,0.48076339253652606,0.6851426538792422,0.5390195397312529,0.30329185520224217
82,-0.4064449025593006,-0.4408624739905305,-0.7210499007455924,-0.6524985112737409,-0.07270501290449767,-0.06615400017995052,-0.12636722174878365
83,-0.20797170663239942,1.5322613741565339,1.0755281765733877,0.40955416997613314,-0.39966713850774555,-0.27406165138143457,0.6002054517968767
84,-1.0562209790144481,-0.6265447424123292,0.029747604177423698,0.15779560261031472,-0.7363191296778604,0.124134675206847,-0.40250081093525464
85,-0.5063435464730773,-0.572676833283182,0.4491702895310178,-0.13149296618292217,-0.12089723024376825,0.4080972521799304,0.2597155622358712
86,-0.551769153820369,-0.7563059761045581,-0.45208819917240095,-0.7242291716776272,-0.03293569576671361,0.8759684571294523,0.5299650358552254
87,-0.7359109979754302,0.07277988336070866,-0.7606060255956225,0.9167194581938807,-0.3518415440579519,1.0705664908805197,0.5716264500716259
88,-1.229460112048872,0.6036972129567985,-0.8294967427736708,-1.0855911227645467,-0.16585315267818662,0.5256440340571803,-0.02173761862473763
89,-0.17696162736941837,-0.6273664236099215,-0.5945393135224115,-0.7616880255227774,-0.38013154971788415,0.09816186511036827,-0.4229435252578131
90,0.2773987720887817,0.24254639676408102,0.09664607961253842,0.1933059844389528,-0.3830845841771995,0.07717773882314184,-0.264811595138992
91,-0.5291134274927111,-0.013857348479996786,-1.4854363206731611,0.17645893493182518,0.5977225490699012,0.17944110182363068,-0.2500258096949695
92,-0.86527380359998,0.45919301402940227,-0.16942698242107748,0.33496266903820804,-0.8175130785761066,0.3712452413303382,0.4920132892035664
93,0.24443588195938803,-0.7160904460879522,-0.6329329209554716,0.5463696121907556,-0.2806691796182501,0.1297186396431531,0.9437290262327931
94,-0.13735575914554551,-0.8361367407322273,-0.7525109421363534,0.3462738160171049,-0.28898465839089216,-1.298672540021046,0.0609207823628884
95,-0.19084370770858494,-0.2105521900592994,0.05972477889329696,0.1529195465258587,0.5200347620609197,0.621055656105245,0.6173304248744897
96,0.38007690845492403,0.6257787090595425,-0.7469310317381276,-0.444030601474249,0.9852859901182043,-0.26382932680557575,0.09505956731665256
97,0.11760001920325684,0.356766061113143,0.10780244764639654,-0.33300982378359006,-0.37071122930716816,0.7892767091389485,0.3398647005629344
98,0.48969641569297784,-0.19903053458422654,-0.6084961414886099,0.09295034754415786,-0.16478172009798228,-0.11322583946628172,-0.6690302625223032
99,-0.7856777432185383,0.9451130884318986,0.23423691105829061,0.10960991527608349,-0.1676699614343106,0.16091386374465633,0.7545980693278485
100,-0.6622495643695685,0.08990985424404747,0.20793475275000461,0.7284062372076823,0.14087415444320375,-1.0525118543517409,-0.2224157129565135
101,-0.047468614143901196,-0.5372753018291755,1.0649012184577062,0.18474143950763033,-0.39217482134036985,-1.2965234352727517,-0.7602006203097429
102,-0.4059433466098038,-1.1757900061914985,0.053353925594850866,0.3840564755087825,-0.1837977727966237,0.702329743943801,-0.8608046791645301
103,0.5527633596398328,0.3290259390138608,0.6269178990023023,-0.48782042355750915,0.2534943531796992,-0.4863042570464164,0.4344150734036077
104,-0.8229226874143001,-0.3487721590789789,-0.4443041849554398,-0.30229423030387853,-0.4530478366053398,-0.476812131308244,0.7183332283084798
105,-0.3476923124128878,-0.4010971191114752,-0.15054313103584305,-0.5001929789893758,-0.6516502673082005,0.42334115910344,0.3336706735875493
106,-1.219289286132876,0.006335451067447749,0.07647656981166442,-0.8410686528389887,0.5883013830993898,-0.3193160761476692,0.19800353422472494
107,-0.877300348490175,-0.05536706027417477,1.5197552866036903,-0.4052921579443051,-0.6185488158736753,0.31372937704951614,0.431237230948767
108,-0.9216802348507063,-0.5128807068078802,0.23520520179757523,0.14775857809936657,-0.44205680576050504,-0.18263164473294297,-0.4546513537609156
109,-0.5877450516879686,-0.30111117146997357,-0.5411742787995338,-0.2908075124467621,-0.16111805153512673,-1.1015954427764887,-0.20215364914980974
110,0.018988393572677592,-0.0017276930475247604,-0.43484651300906635,-0.5326448180122229,0.5696750194916711,-0.6187974538404452,-0.26607070601342486
111,-0.31869614064339247,-0.032507220270400275,-0.3769012715741094,-0.32271177318058547,-0.5743696112401661,-0.9440963231568065,-0.641176815283068
112,-0.061691197967831284,0.06385263599155255,0.2094914081671046,-0.2748946505733156,0.3747001650793234,-0.5944076850744214,0.10810286128637119
113,-0.4783189276475583,0.3906654417510914,0.6551749500426224,0.5991002823685995,0.061975077501317324,0.5003958747561643,-0.302396064986665
114,-1.5075954609290176,-0.008152589900058722,-0.3090968645499622,-0.471505004318356,0.09265299448659414,0.10435229660975454,0.09164015630611905
115,0.10378353401707163,0.3961060668301743,-0.9670236425717551,0.14938497532274952,0.3384685768321463,0.41913667342301886,0.12476014502103146
116,0.14734423360501073,-0.7310811210591909,-0.3875399251276803,0.14491719782198637,0.4779401986627607,-0.5744717485512583,-0.13758077445839745
117,-0.11771443864775462,0.7733672349043297,0.5536589789454409,0.0403685418635039,0.6830283184316722,-0.2098426590659503,-0.06051917340634674
118,-1.2935507989644948,0.4131416056248452,0.43748607932241046,-0.6319427080038681,-0.6886050045496509,0.5867232322031309,-0.3363745701593655
119,-0.7545123284613301,0.12981388021761525,-0.6996225468951717,-0.31923421265172774,-0.8248845888312256,0.2878294511144537,-0.9978621646578445
120,-1.0719540774725065,0.07830428432248394,0.28427177006563137,-0.18559201280975005,0.6062235158596945,-0.014180188657414298,-0.40482132398626164
121,-0.46055942047425824,-0.006951591790453497,0.5711612462674738,0.41767909374922435,-0.5739810716706614,1.3064296242103903,-1.1452114738288266
122,-0.2528039996781919,-0.05154254727561485,-0.47454853636579153,1.3933102898093148,-0.4069183879949932,-0.1817791271677704,0.5028078395691377
123,-0.5257871716918232,-0.3400168196435007,-0.4983997244900592,-0.14977977098924794,-0.894816483275235,0.10068792282486136,0.0699150743344695
124,-0.6512508907261332,0.4401760605118255,0.10512087432199153,0.5112809891744691,-0.37442248659212074,-0.14982622933491635,0.6957885557316545
125,0.16588515182782135,0.819823374315094,0.8421612848897134,0.9678605998202955,0.3564940434287201,0.06237393251770794,0.051899995058500584
126,-0.5535049662281718,0.4546338680595939,-0.41830499434200846,-0.6901116757423731,0.467151480265196,0.8378992754899323,-0.5105154898614498
127,-0.19494481467557764,0.6040810214504008,-0.03916227919899133,-0.006870331348074925,0.15895287090942428,-0.5771491628645531,-0.12615223552375054
128,0.8657494060561539,0.5015237154779172,0.650441001265205,0.2832791679039063,-1.1253762336251454,0.14696959001793358,-0.36013894873686064
129,-1.3979069287119748,0.36511985231017424,0.15753054287056756,0.6370722795059394,-0.7553424270604219,-0.11986110464623816,-0.24687724446482273
130,-1.0424192253822955,0.4774657927692634,-0.014645905357731935,-0.3657269328470664,-0.015966935697012966,-0.4541316061783086,0.11121237396762769
131,-0.31710268537299274,-0.3840627662854257,0.6338428014075326,0.79502783475341,0.29425575190761427,-0.511172912713953,0.07128216492773876
132,0.5191624343973222,-0.6873477742219911,-0.25117601927379324,-0.986975411760785,0.5717629196088572,0.43296750628254693,0.17563749997992018
133,16.64293807298087,6.960353529628851,-1.9786080203818672,0.174114888255578,-1.1660472077545916,0.209923475052492,0.3505725030613912
134,-0.6973420006418439,-0.22722178180100513,0.623908686479758,-0.15282798433562036,-0.46026131520474395,-0.15483079281960518,-0.02791887500203372
135,-0.5853571023160249,0.06331827172912993,0.42286090185020575,0.6144554437999631,0.3317939157906636,0.43550575209310943,0.6885155093307705
136,-0.12031397017449243,-0.34463995406671005,0.12374272504850603,-0.18858425320565167,-0.2799382350461842,0.2717725781674423,-0.11726753198130765
137,-0.41783121709030263,0.4717297344348038,0.2975639036991972,-1.0054019209795977,-0.8641083404185835,0.004059729404715013,0.14316434073334844
138,0.0710086185020006,0.54507887893131,-0.9406789992165399,0.09874762663009837,1.185062155114577,0.17711928689769882,0.21330720795137134
139,-0.34186386331276325,0.16682669083271928,0.4960276801725803,0.41041681474592284,0.6004249955508497,0.0787284985435645,-0.395734635231555
140,-0.33279532100230474,0.25476712044710437,-0.15607170218352712,-0.399183727688275,0.6476454852761068,-0.7620626028497038,0.41075387741872305
141,0.3415986653827069,-0.2324395176623804,0.2226821548088435,0.5154468223376377,0.4111017118424001,0.05986676822971883,-0.3426719928588822
142,-0.2861145721248191,0.25691759231521694,0.18795372436840954,-0.6037023141016192,1.1108902974986137,-0.106924112376038,0.3704236273014477
143,-1.28948311820436,-0.5797636467146261,-0.264006643962182,-0.19827588535207794,-0.6583142740410205,-0.146157290655855,0.4632350066052263
144,-0.5607337712731667,0.29902639606891535,-0.4479383072436619,0.031937627739325375,0.3923716100286443,-0.8520836055728059,-0.15212421537686358
145,-0.9666122927718628,0.5397672493857261,-0.8342351552443561,-0.10061763278780093,-1.0839159058442893,-0.209303137281792,-0.589739905521015
146,-0.3632559382007374,-0.02641637674492366,-0.6404581646462747,-0.6538235301840595,0.6296572772064304,-0.4935295656780547,0.09479329936604185
147,0.1670433440669173,0.9048267208436593,-0.07284236237941934,0.1443033894623308,0.9136703179733047,0.7600380051992126,-0.5198825646090175
148,-0.4929234578072876,-0.43504701962602793,-0.4226475374019103,0.5291374977547741,0.10176209160272705,0.11815943519594053,0.2152184569597554
149,0.13464219701033361,0.8758406956960523,-0.15395035930963652,0.04458985059233022,0.482062643542094,0.338660630247925,1.318825119922548
150,-0.7171334458522193,0.6684162742012697,-0.2455289244986248,-0.11804475538147705,0.8336626210384424,-0.23588084622975375,-0.6164589773053321
151,-0.4322652600290907,-0.6651881101532985,-0.5274195963017341,0.2039562839377783,0.4717105828998738,0.01635781110264114,0.6662259134803332
152,-0.8622337834206765,-0.3888535136474091,0.16767967224410787,0.1633166282810817,0.2225895145805914,-0.3021816826183922,0.049807415925998265
153,-0.3415789199444391,0.33545019327335,-0.6769117545639453,0.6238944620168607,-0.7580144351106856,-0.05700575522595998,-0.17154695092508132
154,-0.21779918920374441,-0.25571949680424416,0.653368184305582,-0.49957301102774604,0.43643780096266677,0.3570698513030436,-0.4687221379423211
155,-0.1863484144065393,-0.740617180278651,0.1277035447479558,-0.13966435116533985,-0.4631332760872033,-0.29228837264917507,-0.2957276452559804
156,0.023622678779431264,-0.3034238412033869,-0.49802366569822515,0.7762275155527493,0.470033952148678,0.09524702715707208,-0.5903086170690859
157,0.12132187468853828,-0.6173188785053918,0.05974933187585138,-0.6738142099901255,-1.1424131839427427,-0.66374150719853,1.134349162996374
158,-0.4474469072031207,0.3293617597953978,-0.0033898706912108226,0.2958088616307866,0.948796922218714,0.10683844038415191,-0.5554198933309322
159,-0.9294741942823217,-0.381647906531352,1.0207040617600518,-0.014770482850055819,0.12385154352652851,-0.41667149936088255,-0.1650487186143155
160,-1.612568809713498,-1.6575188056834607,-0.7410257439675034,-0.37127920041900875,0.21059127352690082,0.08120517119995012,0.0691199124562715
161,-0.044219925691344045,0.16462614633683817,0.03802858755788405,-1.0576828332734773,-0.17308374997296447,-0.9252060476516853,0.200296198661548
162,-1.3816684184461523,-0.4112617716904881,-0.14236031966976098,-0.26921966569912864,0.956922472580469,-0.13465066982534143,-0.4057105301221392
163,-0.45738604266660404,0.7128701698863075,-0.41645940748875354,-0.15599429624338873,0.7847206462344399,0.3025938347030481,-0.3371967485366617
164,0.008496481025275702,-0.10433134574609844,0.376692862678666,0.4216615907683126,-0.6377416686059465,-0.17280087031674005,-0.7845632729391813
165,-0.6534592929430006,-0.7439916812622889,-0.6853234551738594,-0.5025500084061851,0.09959662068653993,-0.13984534626657927,1.1218374032500684
166,-0.983532089189634,-0.36447608169742246,0.11924741932850554,-0.7798594114013149,0.06459313641869453,-0.24556634907961097,-1.1698324339343473
167,-0.2298147581196892,-0.4351191338534296,0.21663505547299133,0.6915250438558562,-0.3658302838826584,0.1537682683550516,0.8463775624906257
168,-0.6178186554033808,0.4572367460085932,-0.03964730759348355,0.2505160565042085,-0.13339896126464587,0.5332334667299933,0.04731519364497056
169,-0.8123293926676146,0.1441398754600098,0.1511083791251533,0.28829325448956045,0.23811018622811858,0.4711665242826437,-0.8432068176846421
170,-0.22462347076459452,0.4343936708909956,0.41701020315958226,-0.9429536536509496,-0.1975889280319005,0.5455420045824219,-0.4303658868387882
171,-0.22895351726016283,-0.09138787197663069,0.22364857657248743,-0.3763815381713179,0.2843833231722184,-0.042262087099340304,0.5486671938003213
172,-0.05816409694645634,-0.1807273992522912,-0.19585049250715345,0.37396884332376346,0.30416271449841603,0.13592921312987444,0.4501547675285982
173,-0.22321081903173232,0.23103088454954981,0.07127046415134874,0.8290571450349017,0.27268622571341533,0.19175696636150802,-0.23805643172570126
174,-0.14310520921136796,1.1004369402063439,-0.17646274333206546,0.8598740969085932,-0.44746539052355505,0.26862763318272875,-0.12328227727353315
175,-0.30443343540808643,0.3721619564272902,0.8038068755223522,0.1511380374646081,-0.0002788031925912253,1.6079210345116126,-0.18590966711508636
176,-0.14118948417600674,0.4482294211375287,0.24928301147723686,-0.459388839468231,0.5915733622864275,-0.298251143090774,0.41556551892617827
177,-1.0322817791772332,-0.07180811744824572,-0.30185527602871287,0.8333029331214118,-0.04270829415589023,-0.7375203247622326,-0.5014226316927654
178,-0.19885314599726978,1.146195502699829,-0.17950220630032787,1.0148824267474608,0.6186842006893319,0.35263359793561233,-0.17906307304113664
179,0.16551088898804864,-0.18129935337845998,0.4988450662218746,0.7292246157730372,0.8844063429244676,0.7952193030170416,0.06002885601972335
180,-0.35433495763269646,-0.15508679648008297,0.2865963272765826,0.21551687064463107,-0.21958353914598053,-1.1259392732685227,1.2145228926210665
181,0.528298821323597,0.37879869919147435,-0.2645176871892578,0.6733253458708909,0.16128873612696093,-0.7910974019210748,0.1615334703582396
182,-0.16015911189851123,-0.4333184957366527,0.5906260453194168,-0.5294400885249176,-0.3000894384520734,-0.9068168533298342,0.5706592935187381
183,-0.2739877015783341,-0.5395739629802283,-0.854814586993951,-0.47679708545809446,-0.5339550249990834,0.2632619176982258,-0.6761147562175571
184,-0.37511991016133395,-0.034416815385671484,0.8871475967894902,-0.2943408961903096,0.6922016239391182,0.59872373716098,0.6633105190751719
185,0.0010086987203474548,0.6086446101012915,1.7192095054260512,-0.5405798414170417,0.826690520769945,0.36605436526658036,-0.17106662389018412
186,0.4616540510843086,-0.3977137053221246,-1.0137546643047837,-0.45981003795701897,0.07003480385129301,0.684560395144604,-0.45733046277702655
187,-0.4060168969756403,-0.2872193903690199,-0.8618080409035823,-0.02415763515781453,-0.48120951768030723,0.47327260242693836,0.4559695955598287
188,-0.2334049531684972,-0.5504124510072121,0.4852501286584643,-0.3723861673115363,0.2013990598843493,0.2035939377425919,0.028452888042630943
189,-1.1328450372624084,0.10173559667885278,0.04628050434797998,0.23836077788308493,0.34809254383409244,-0.40094204676596534,0.40756072351942707
190,-0.6623485234096466,-0.13206106908065188,0.6497230080574488,-0.4327671365516641,0.4280702885537926,0.09617188619498974,0.32613441791872944
191,0.17323390154026783,0.9308150524931328,-0.4021210206744959,-0.27308753982642947,0.24070205549659843,0.08444167906594505,0.769518073297961
192,0.4484860241447551,0.5259332964644451,-1.321176822056185,0.5998908527416468,0.7050068739410494,0.05247718458792642,0.1143561952154172
193,-0.10162088903351195,0.7760860626949871,-0.11331743921517488,0.35312635383318414,0.9058349483035845,-0.3165901375683793,-0.09042193117547065
194,-0.5515525602043242,0.5506218409922348,0.363715920833659,-0.05731357668692139,-0.9024315753062931,0.8560185697530941,0.09506170572775567
195,-0.8136005423402252,-0.31378429351941717,0.3664295626168055,-0.22066813997725504,-0.027884386937356943,-0.5671663917983827,-0.1391367118907446
196,-0.12305189477740185,-0.5736185493142036,-0.0501532448665491,0.4726394577548639,-1.257015359082871,-0.0651822121261428,-0.31447332274891576
197,0.20044993948243,-0.05694994693347836,0.029817882179616617,-0.17585399035791288,0.3916279706570377,-0.4830881718252831,0.054407312189949895
198,-0.7580504008067795,-0.3495448651152184,0.6223006765016598,0.20349363064986592,0.48422850163294173,-0.1950864794814874,-0.3004472280846646
199,17.727915287915945,-0.8561595968583309,3.343857194754663,2.9569608036986423,-0.8954664297489218,-0.5097017493129231,0.37376965211570967
200,-0.27823378993187214,0.35140971254334524,1.3528720013149356,0.6200201623199033,0.27218886435404593,-0.5306113564934137,-0.8439527940850597
201,-0.010990758669946749,-0.17033950366835443,-0.3008509646882014,-0.585904295946817,-0.8820907785810312,-0.31802088073005425,-0.21369086799181225
202,0.5772763490303613,-0.7436800793823343,-0.3391187105621077,0.09480913865573734,0.3728238841230768,0.5842445826109229,0.35906775046885947
203,0.027889508746868005,0.5078024040170713,-0.9851924145840604,-0.1425162266707158,0.04141859973321259,0.4068176138131295,0.153887630125426
204,0.025917825306610496,0.8006352896875835,-0.3480795459136456,0.019006183258278273,0.11330349617662974,-0.08983921538848295,-0.31207829715863905
205,-0.22803543576936136,0.8205401885123955,0.4277959081464109,-0.4315580527102241,0.4186710546638207,-0.1496191972105136,-0.9140719681856087
206,-0.6104405318454702,-0.19727543945252202,0.34557200570771246,-0.48932677130564517,0.43933036975442524,-0.15485606243894626,0.6849522087897623
207,0.247365785728613,0.11026705257991963,-0.4282947832489679,0.7338369186173476,-0.13097243919416024,-0.39726878400888194,0.520739537578399
208,-0.4069530373141968,-0.07247626207227609,-1.2388075920354689,-0.3041654960870137,0.49857354046738,-0.3288313946011137,0.8507175490280543
209,0.3311406060565456,-0.35676331042236203,-0.10424683698279139,0.0005406022322772208,-0.08077377219887144,0.15694585249079634,-0.5804413679528031
210,0.04302537754959159,-0.007697685528524292,-0.32911149176269777,0.8323858663197214,0.5840215591565106,-0.22196888703327733,1.1892034832458394
211,-0.14108847092429802,-0.03839827531017815,0.29111119147107434,-0.5132084547999155,-0.286459758240011,-0.08410740483881214,-0.37521156146297446
212,0.21784413979745826,-1.750863160477318,0.07380543162764587,0.1567564166921837,-0.1807966955023068,0.12861375236873535,0.5366698175644746
213,-1.246046633223473,0.41019349089502866,0.04920948091985973,-0.9107863895641133,-0.17085613453997747,-0.5539802976745413,0.05425008626437198
214,-0.3191777898254513,0.17948929359978638,0.16832249406767263,-0.40269685042811426,-0.07485274521858608,-0.328870174341952,-0.7757298469360399
215,0.2029706998123694,0.03721333730299853,0.20981526312074267,0.3436678266768742,-0.06339695501827791,-0.6164961204909939,0.01086030805715724
216,-1.0837562106706602,-1.0779795424801473,0.5357173353419097,-1.0734990684599215,-0.8482298054552833,0.1110958101932937,-0.08347132883550182
217,0.7391460498339926,0.31660572963443306,0.4245143308015717,-1.0913894588987936,-0.4073703874749157,-0.5004313350692589,-0.7074047449855314
218,-0.4963025592083419,-0.2798067042861856,-0.45977388028406496,0.24076509248686542,-0.07865446910004088,-0.011269694244460013,-0.36139959825747475
219,-1.0150603241687277,-0.6060911785953548,-0.5457151802446413,-0.41067355274220096,0.813044802291972,0.13309649087445688,-0.9348382166896883
220,0.134264212157774,0.6571078645496182,0.5852361471686633,0.2899256668317796,0.20367081814952626,0.04604799129861999,0.1573862805647553
221,-1.0935719188215487,0.18273528777624476,0.5995388661994381,-0.5888278910688053,0.4955382531037606,0.4631012992816129,0.14832303246673148
222,-0.8153484192257527,-1.3789486018664534,-0.5380047432998032,0.4872370322309821,-1.1239557720376971,-0.17253224550418886,-0.20983467709601222
223,-0.13080047044704246,-0.5896710230239175,-0.1439099460318716,0.36938492042146764,0.03801820604774134,-0.25877557246335087,0.07852741191034836
224,0.11134509559670673,0.20956807469149466,0.8104248472246944,0.06771639514427569,0.5728934810474139,-0.1537255220408957,0.05924002905343645
225,0.05973972808040906,0.7018453117813089,0.6434276579855492,-0.18845910223708026,0.41705028463184163,0.5951541275005108,0.42318419682807723
226,-0.9703230018732579,-1.1539070465798942,-0.03831721506623661,0.36795543060592634,-0.7967459878338394,-0.9803739431462045,0.3592443946211383
227,0.7241947885655171,-0.08193363504625517,-0.28780030471067913,-0.17831302671667396,-0.8937366507741319,-0.33189159153135706,-1.0682491962510519
228,-0.9012492359964176,0.3168889701922959,0.1478817664700177,0.4834681029568178,-0.9472051893209121,-0.659979431740869,0.40722050788677966
229,-0.23880425638662972,-0.7577908774951638,-0.7494242566659814,0.039290729086107486,-0.8014410098641029,0.4480910182656291,-0.7289092104308658
230,0.18375237760219032,0.8548204849186186,-0.4188141926944157,-0.40872738315406,0.6542220295372568,0.29167051491250484,0.8014257228644158
231,0.26072217951854476,-0.2695601476288307,0.9915050175851947,0.291351651396823,-0.48280302055949403,0.19022559051572838,-0.29516546402242333
232,0.423882612433884,0.5671101892925812,0.38914739740813015,1.0140157713011764,0.6586638576888201,0.19740116073270614,-0.13829267049671692
233,-0.32454698067909366,0.3624750049902474,0.7653706245924576,0.22309187336459196,0.43212744645640705,0.48547705859520995,-0.6412840055458963
234,0.04433631963332447,-0.6836289135587489,-0.46983765676529726,0.6461098259615418,0.3734868320440631,0.33192343070687486,-0.5412232326888624
235,-0.1442414739545739,-0.22801860993772413,0.12954811932698856,-0.29344796186321176,1.6739297376400124,-0.06639106348825183,-0.03159416298343966
236,0.14181229007860566,0.3118522516392472,0.7170587483262651,0.7083718913820537,1.0575270474275436,-0.2657081988051431,0.0651475012640984
237,-0.7056492894189514,0.04881826861296298,0.3878176374229267,-0.7778241900118525,-0.19977450057638352,-0.32177766628809096,0.5084907702528247
238,0.03558063366675793,-0.30250935447321237,-0.5228988707639081,-0.09260889604875427,-0.8818129178236962,-0.8152623832491167,0.10885678208025018
239,-0.41368490503327154,-0.31553976995729843,0.32970265476502125,0.2028405329123872,-0.2902072139610982,-0.028758057681647513,-0.5932168729068634
240,-0.5736473607616027,1.0990025745394427,-0.5605471361299352,1.287582160339946,0.40251370420375165,-0.628017138992743,0.2557958800835642
241,-0.9273934783203351,0.27130202368428635,0.4463976718449675,0.46135975387976796,0.24122961091089798,0.17414395862532922,0.2722152186882129
242,-1.4517911105106671,-0.6680908716428978,0.5369295056347655,-0.4927875156328606,0.11157868263978088,0.2390565526754923,-0.08361712432329486
243,0.0030421531604244503,-0.3052821123893113,0.4280410893390392,-0.012480095305238303,0.2658835956818048,0.7006640711547966,-0.25662653453941947
244,-0.7373555211744267,-0.41437847629168456,-0.6830917193822574,-0.42920249383493875,0.2238210267180625,-0.6270569652203297,0.42308548285481007
245,-0.8922944847634414,-0.3149696943239847,-0.0922804930521907,0.6964971649002313,0.07165091230852146,0.06889166380164546,-0.5017617984017164
246,-0.6200809239609565,0.6169104599440046,0.2580611624473767,0.28033880710034215,-1.1713632279183959,-0.4817239892703883,0.35682072097489137
247,0.1794768852904323,0.31101820290374077,-0.4745522270188367,-0.2887829805230418,0.6051832379527977,-0.2119543781541319,0.4146582827807638
248,0.8327457564035662,0.6681234573904528,-0.073327554072867,-0.19198351077035544,-0.05120996702118929,-0.2043806547250094,-0.08699341677602136
249,-0.8797946828345418,-0.2883067235918087,-0.14212262504354023,0.755380564176627,-0.5357020806278247,0.8025895703383119,0.39074977783501863
250,-0.17382237942634443,-0.24465728813351936,-0.5095372282206148,0.03766148660541531,0.5461253491101346,0.40677275378582356,-0.21594635091527845
251,-0.19636287381866907,0.2616440581178593,0.6494712558760237,0.7969075701416998,-0.8922425165888065,0.018882456090862282,-0.07460030960063715
252,-1.0303315163988596,0.24943198376943915,-0.7788449588307346,0.23667736551002228,-0.9064545774637507,0.4869229094321247,-0.08295357221154559
253,-0.2857591654181158,-0.5786475415594267,1.2686540256254033,-0.13445914788535654,-0.008777726899412315,-0.2631355116883185,0.13691727767209325
254,0.1514455264589538,-1.1485429016680748,-1.026842008678478,-0.33092079341316544,-0.18336418545230362,1.5852260408159229,-0.03209749713868545
255,-0.798123516578212,-0.018800867853329156,-0.7819039116353256,0.12688625118617636,-0.02858585983598808,0.0898630295227656,-0.35568678529887987
256,-0.12613740474685492,0.6468690358480079,0.5010175634522961,0.0771383864675517,-0.5750151203066112,-0.22501366895856553,-0.006698281148174614
257,14.331536825240818,-0.07908133982871413,4.154469313847224,-2.684384723283317,0.6418845686002982,0.3940863591457092,-1.0210443323993366
258,-0.722124087026459,-0.07402588709012739,-0.2792620950220091,0.022897227585214112,0.17255528940027426,0.17451156721142758,-0.16615109754897403
259,-0.8643457531401433,0.04647829811470422,-0.8374697400786562,0.2663028635573726,-0.2144783997226456,0.8957229359149848,0.2452461802856095
260,-0.6906335646758786,0.7240323750995992,-0.32687616323842766,-0.8636589999371428,-0.4178529139528151,-0.3163892803399046,0.1289114372523064
261,-1.6384346478946827,0.05970739195799574,-0.725193027115843,-0.5377149537902175,-0.7777422397724741,-0.14184017619433656,-0.21013584810225985
262,-0.5252087943803074,-0.6450121556463325,-0.026933489319874052,0.7719113203090673,-0.14505305436273933,0.6338692100641429,0.18480943981462156
263,-0.5505752297426492,-0.25256118732542554,0.03824957882184668,-0.43536992621884113,-0.5965570305157767,0.4091893680133029,-0.17727668138516098
264,-0.5890048535794228,0.22423727262200716,-0.30825014517032756,-0.41958415042476915,-0.29348404743287704,-0.005222167248005232,-0.21673176450943235
265,-0.7042397980398721,-0.8439160797061117,0.3222461319443595,-0.29699477467769214,-1.0474639328228792,-0.14326757679531008,0.21077802150577263
266,1.1561537584737838,-0.05642723888356393,-0.43477805579212925,0.10082096273546377,0.38062483320055757,0.47825088599945514,-0.5708131334811237
267,-0.6032231638472003,-0.2733101656062533,0.30737209131142124,-0.5857526389574185,-0.008041787740514356,0.381587800813444,-0.1268638916773615
268,-0.03234948499602386,-0.1056017733551606,-0.16826894569560347,0.2285829385268484,-0.6035622419470283,0.05996337062333125,0.13100379230516634
269,-0.5576645598695256,0.6052164567778767,-0.8516488393722087,0.9935216779576199,-0.1943680083906075,-0.5864007543335902,0.22150776246115345
270,0.09509233220895962,0.5237192528964516,-0.5531451784077182,0.42008861556809896,0.26558676616022714,-0.4693014456887833,0.1712775931459224
271,-0.5264087919794677,0.5265111122158046,-0.05064460072057916,-0.14273949748282233,-0.1624989200965793,0.39973511211352664,0.4778563829605194
272,-0.5619783883783523,-0.8291176567568441,-0.4009204516987733,-0.07133040763725894,-0.13985281231551272,-0.18341691075926894,-0.3563594308424603
273,-0.09624697356908377,0.08586670369853223,-0.04062696548504255,0.4518566151997266,-0.4203614494640154,-0.648653162623504,-0.766340630233928
274,-1.2433971925480891,-1.2378369301437726,0.08324245045679111,-0.734075494513473,0.7636760240428657,-0.24165756742884856,0.6176533443805676
275,-0.6137059513635945,-0.9042794373235387,0.45158328028027345,-0.4035958954727615,-0.46118247273098406,-0.7237350149855294,-1.4888813243302566
276,-0.7308634400797139,0.15767595019157365,0.7233658984166342,-0.13498285398571724,-0.18670488313696984,0.46851228309112997,-0.18718965488154365
277,0.19381818138945997,0.6783705964738714,0.36435753834403434,-0.17649814138196784,0.5388659587585618,-0.3232582483261756,-0.2659429186631796
278,0.11315211145996829,-0.6246486258740016,0.5672535209635956,-0.06325074000204954,1.4025710548019155,-0.03297732728025057,1.0560437437343027
279,-1.3373559369520724,-0.17529116843997034,0.7063938996641402,-0.500606982380484,0.4497345965647395,0.6152256224066919,-0.1500905585558219
280,-0.9232336568233239,-0.4181886734905587,-0.3943169314311501,0.5044125043362939,-0.4995784986109331,-0.38807767644665486,0.30767432170016284
281,-0.08681626482268444,-0.2131347900886508,-0.3705814228265904,0.43453222962212956,-0.22067288898336312,-0.3602957462234477,0.041401639391012296
282,-1.0387617957426485,-0.04944789960698148,0.053919834672733494,0.5773392717709752,-0.6321041182256033,-1.2055247986391218,0.10450335422771612
283,-0.5951206511034377,-0.7794025920394496,0.2606621717951112,-0.7082325894078124,-0.47658853618638347,0.8699596419587934,0.21881218355162618
284,0.16353363802951007,0.890792173756902,-0.48604841469606236,0.28701668304218947,-0.5777105810696928,1.3204527197806133,-0.18827823800763346
285,-0.9426930907270786,0.42259325063967423,-0.02055588467186925,-0.04880950851188195,1.006801912407072,-1.2603122430685967,-0.301277620875825
286,-1.654647133856399,-0.12910857232030953,0.573991505968779,0.28967679565927607,-0.9433815614411483,0.5507703474698132,0.5097266610332911
287,-0.4139712811643842,0.20896878525378157,-0.09478989624404009,-0.6629101613570548,0.13813621461075593,-0.2679688054922933,-0.5446056429599545
288,17.917135627914078,-4.9287820990461695,-2.4137542238704572,2.6016308820726044,1.2232100713072338,0.04135609756331231,-1.0843380434247538
289,-0.21931667354830722,-0.809478941891952,-1.5432082147106017,0.24499729167788628,-0.10002623998504763,0.9972463686944467,-0.0644869935004217
290,-0.6795779937502211,-0.4832699517136471,-0.015855687400056894,-0.1387805373656407,0.0022721514373162245,-0.13617042831576062,0.1753733591562497
291,-0.6896528730140293,0.2909091784238265,-0.8959165655485588,0.12664433528111502,0.21836223996569343,-0.43375553519433263,0.5813433742952173
