Date,Shower,Dishwasher,Laundry,Kitchen,Irrigation,Car Wash,Gardening,Miscellaneous,Anomaly
2024-01-01,62.51071358580127,48.319577297371,69.7354216765832,34.55229243655732,55.36907072388309,15.59106008049455,15.601000338507715,6.491311507268234,0
2024-01-02,67.67729126531125,45.133199202487546,61.51096828242667,30.96830669711161,44.292305479543984,15.59120607527043,12.339055023685383,6.358334683314139,0
2024-01-03,78.25597380983343,47.73145178856576,57.80369603817951,34.504801094416834,54.215335203400734,14.559324171794742,14.167909476509033,5.995070580167131,0
2024-01-04,70.05897649220276,53.06231794325542,62.38861708987163,29.115647406853668,51.441700287515985,16.49397535403579,14.223013094661534,5.819474700237457,0
2024-01-05,71.94727430046537,45.019389354615775,58.26750024546801,32.41657403601049,63.6849378167652,15.605785820008576,19.022351232481867,6.721045181770722,0
2024-01-06,77.24915847409098,48.06958344670581,68.45536905723014,30.827375395822052,44.12871233503824,16.233073629931365,12.443850126522776,6.68491006033625,0
2024-01-07,84.5995197860891,45.645503594235635,62.408808937308294,35.210005581916676,52.57507098646408,15.990510156504698,13.56845202246205,5.948332756837139,0
2024-01-08,57.242664198734346,46.52882405229269,67.70610574404988,26.246099283634827,53.004224657407725,15.697164151426351,16.724771327582985,6.186501232546678,0
2024-01-09,80.8590886706355,50.18414037863749,58.29428715251023,34.71274614166939,50.84489703431054,17.181904034553007,15.650960242860194,6.521672869577365,0
2024-01-10,70.80801738162765,44.54502377826,56.661536761458756,23.850862216477417,44.56043575157916,11.859135097554324,16.18384489290682,5.833870303258821,0
2024-01-11,80.70357651422263,45.22675507244713,53.91742568420094,29.317030724458963,56.10852947633268,14.33686767182042,15.893965212369807,5.2935881592233205,0
2024-01-12,64.0520385954128,53.883262749064215,64.54269921690666,33.82824626634775,48.26447795927308,16.009403641463457,15.151582734657818,6.437148956592705,0
2024-01-13,70.44020164425014,46.80214656631299,55.410221735118284,28.428564814666434,51.1764627032832,18.046895893303205,14.805230815098122,5.629916468976896,0
2024-01-14,83.79861082106851,43.98637412836849,49.839220991950384,31.267345967576443,47.68772170734532,14.643988623646903,14.94390870468822,5.660425390501391,0
2024-01-15,68.34428678816397,40.955834671565476,60.247321538107464,28.564915163073817,60.86070279752288,15.872156130552302,16.088544992913352,6.228883597542266,0
2024-01-16,68.626711429469,51.89782373314183,57.98500499241973,29.580793003006697,45.115169039730446,15.044690254895334,14.077953316892254,7.084006241493484,0
2024-01-17,72.95743333467375,45.69459280281147,57.09287526529425,28.41722124980618,60.62681997825698,15.704672606186168,16.530072001306092,6.6382648932904775,0
2024-01-18,88.4033903637736,51.78037845049583,55.22073547208312,29.935123828092035,51.55320307798231,14.541208453038674,10.119232830332997,4.886309955328919,0
2024-01-19,60.79847261866844,41.50266445443043,57.493373286381726,31.62621717325719,61.24724621481251,17.08053377725445,16.669649235641465,5.64611851356707,0
2024-01-20,77.96625867016006,47.399095789730474,56.06760483309926,30.65141115767532,52.32358194739203,15.047068554271432,15.970844282020279,6.1849227091673225,0
2024-01-21,87.02419697606027,44.42806131912705,56.453011705141904,28.36232081068053,60.44205131663195,15.042489315138493,18.375101709410607,4.526415832759435,0
2024-01-22,68.72925645551305,42.25701731105081,60.28154278671593,27.72673638190106,56.47483279077908,14.299387073386498,15.757123168629084,6.6906219114149925,0
2024-01-23,78.05854345423964,49.89346048827929,75.17797233441874,29.480728645648558,51.46266610492193,14.68012505570029,13.914975866876004,5.742519255982128,0
2024-01-24,71.00345588226796,49.01320575259825,60.81180620376904,32.43018716119216,56.187339653749795,15.013580817536054,16.934267538630657,5.926462349558773,0
2024-01-25,72.79211831892556,47.144724628925765,63.83720457220694,35.05854017578067,52.21226585989123,16.247216525871373,15.480338704989776,6.310635755910339,0
2024-01-26,81.68779183685668,42.50720099633311,43.36562149511458,26.55855631785334,48.28408535887826,15.94903885093516,15.021436805068003,5.99527845695439,0
2024-01-27,68.61567928563747,45.53692775133799,54.956018169438636,33.18814929667712,55.56520228862753,16.902239629460674,16.852196484054502,6.615523498767102,0
2024-01-28,77.36075361503,44.961903921506405,49.472996492303395,28.21756088314708,53.91878598879606,13.469924435752858,13.563671930060414,5.348666627013288,0
2024-01-29,68.47272173996375,47.67095876232104,67.70245521733692,33.29372372545254,52.10349478576373,15.505623844870762,13.657623597177249,5.897525919269833,0
2024-01-30,68.71033065104687,37.69713524836716,61.12061076230348,34.453345064734705,56.950878800741464,14.5869338084782,13.032149939126246,6.025469746210125,0
2024-01-31,65.43850148796069,45.53552136021795,57.50376214145401,26.60026532088976,59.24881872442601,14.425183490884956,15.684107315905466,5.129605446292618,0
2024-02-01,72.50138471922048,44.66715687949161,49.476645852212904,28.08024195303639,43.567274396298636,13.806390751211055,13.598643221767183,6.270552854160619,0
2024-02-02,65.89136156880403,46.31296526604161,64.68986548607377,29.94409728287598,57.614072310371334,15.646508894653087,15.390324819974715,6.636514330860961,0
2024-02-03,81.62525597345375,52.12712667759754,56.746553147514284,29.416638572723617,54.85715874212151,12.809235858499306,15.450858456470202,5.3444053623162695,0
2024-02-04,67.83640566983414,44.31929338797022,63.21531433787172,33.18233609502289,53.0251391887821,16.59984915914086,16.215221545745287,5.683385774646583,0
2024-02-05,73.83857170583309,44.27765757510583,59.85606384554437,29.044234023223787,45.921430479375566,17.236670970764372,15.516938428463785,6.540255460006849,0
2024-02-06,65.18916345434286,50.9959425649248,72.53180527336521,32.41525217990998,52.42972453984546,16.345304342626616,15.509605540996176,5.5735177606043464,0
2024-02-07,78.51905362997141,42.51486151987508,51.221405729577356,33.04686290618342,53.27532837385126,14.021678775045078,15.206430603390446,6.041875722279494,0
2024-02-08,87.16888400425937,47.06047134041493,62.27673012727489,32.38907507102677,45.58150637870436,12.40027198738105,16.27428363683422,5.615060360493002,0
2024-02-09,78.84908598201082,42.241103113502255,66.29902229543876,27.67613235519101,55.9329661131035,16.330536571963037,12.347305134196692,6.071411986444343,0
2024-02-10,78.02013850107062,48.23531850782287,58.82347722748169,25.763242546451025,55.59993572542637,14.493128571153346,17.059980872184934,6.163705963809123,0
2024-02-11,80.54253981611112,50.895507348578164,74.85440010422406,33.120311961804596,56.32898685410889,13.403699177437838,14.96343827856591,5.541991635006156,0
2024-02-12,64.02830254034964,46.7345069515108,61.07955293446546,27.45514919954807,48.27008885531333,15.589529435170743,15.314819916958,8.138255565652509,0
2024-02-13,69.04331919296793,42.64862936814541,58.24168945633974,29.959141614695593,50.361443102466815,15.891964315807531,15.173425159479445,6.23421762127551,0
2024-02-14,85.66799177127406,38.80473479716309,60.383281622201295,34.91426243021185,60.47196322775193,17.713973651803062,12.888981598949334,4.854204557708759,0
2024-02-15,71.19791368251545,42.547358939033344,59.39928229137998,29.490364182794877,45.12376882393677,13.0269629763524,13.824052370523331,6.518200744470089,0
2024-02-16,78.50319362141946,48.72643268268963,64.59178352591569,31.385358493029088,47.738590890383136,14.966026961553846,15.081205915950324,5.738639000259232,0
2024-02-17,76.61158852467565,38.84713532255829,59.77016326220863,35.23865869355615,56.76957725876232,13.674258436902269,15.958579730114785,6.205245347420308,0
2024-02-18,74.65705485031144,40.09116643167222,61.74496226979378,32.031186771006745,54.86620886369157,16.08395719083922,16.717105515595698,6.384229373851073,0
2024-02-19,71.23304726980078,48.2589588358963,58.16092168913969,34.142726466748705,57.139110339768834,13.306598112963355,12.135728251911694,7.022795114388561,0
2024-02-20,83.61305590399076,39.15562024196903,59.1923774195552,30.731237468063174,54.58797100306514,18.697917812374847,13.372588445328981,5.8240060947169106,0
2024-02-21,62.83432462077898,35.48466576860845,54.99183959886874,30.524293991768037,58.49432413438178,15.482386484340182,14.303017887121651,6.681831298974777,0
2024-02-22,83.8378757392698,49.14367771375609,65.16135240672581,28.549165056326245,55.72403614055062,17.356261358041515,12.004009628159254,6.1975274047072775,0
2024-02-23,79.7926568192877,34.99250431477573,62.79181727289673,26.75656929941185,53.69617786367129,15.59004358321667,15.80586384289995,5.581955901623525,0
2024-02-24,72.77919702599134,53.711907977422584,55.435844218556376,26.90970729325328,60.30682520398789,14.933814284945477,17.21395628158985,5.881323254548837,0
2024-02-25,78.07998746591038,44.01112336263953,46.320655651990975,29.66429660680199,55.8294881742271,15.639951193779009,15.014499862478678,5.739329390588179,0
2024-02-26,71.14076182424942,43.47689107831326,65.2273507391652,33.001658483726175,61.61546449412105,11.995226959090205,14.046222433064733,5.296760439033165,0
2024-02-27,81.134617794481,42.95135859482893,53.67849924810817,32.67326943631967,53.56312439327889,16.058095134618508,15.29020350686497,5.970347648837294,0
2024-02-28,49.64413890514727,48.952945018276466,60.23515086940972,32.441375999041455,50.56530108466371,15.792533567550427,14.272197237582782,6.415841836756982,0
2024-02-29,68.77517910777165,41.89814394570733,51.71433341865793,31.673120192154112,49.79289543506965,14.22381643122647,13.412222640280644,6.887656634447085,0
2024-03-01,72.73041845939392,50.34435521456629,62.95471080386314,28.15654016100028,54.0965478334723,14.652322741182676,16.119931831104367,5.061351778576991,0
2024-03-02,63.76113817537072,40.39886099715413,57.742549948057196,30.81835575194738,63.55887721369341,13.185978059000037,15.48433647391519,6.402047961149295,0
2024-03-03,81.12529049791054,55.18240825939031,62.706939660774424,32.5728402179413,52.0765966298483,17.280874407541543,15.287969699424853,5.755095293281696,0
2024-03-04,67.85337698287185,43.7641117651699,66.8868103287194,29.427915448319755,53.94433295427185,14.868733981993282,14.401299975901829,6.925851693408288,0
2024-03-05,76.5302785929632,43.61654281111839,51.44928342793534,34.34137824309405,58.7533248089063,15.080895505449979,17.001794013202648,5.4878341607452805,0
2024-03-06,73.05698752122738,44.88098283737813,56.54513732286482,28.305707313144786,54.566529066462145,12.058857605175444,16.53203106099142,4.958537557192881,0
2024-03-07,91.96192188420939,52.077123509123055,62.9668908217888,31.672141722810277,48.3902557684249,13.629544277599152,17.23347528337164,5.935360172949869,0
2024-03-08,65.58593065671052,54.4451525571082,59.812043902076496,30.17754334996724,54.231136116212504,12.722426597240027,15.823054949480689,4.804445839891867,0
2024-03-09,66.90781208503016,44.62007382378888,59.09279997196546,24.17878200768817,46.26347728802406,15.906775967284979,13.992218805182393,6.226175104662307,0
2024-03-10,79.97376871312999,39.565130969007505,61.22076043360867,23.304470619069185,57.41763978521999,14.454754408178694,14.98984380483191,5.833206307354362,0
2024-03-11,72.1803563433824,41.56903880296507,62.6913447881053,31.09680570376317,59.92675924205396,15.094834957490493,16.390816571973584,4.846960678904063,0
2024-03-12,73.14497190368812,47.911187265113384,60.28496943466105,30.477388081235077,50.20183931268561,16.20367048561016,17.390975506006377,6.693938583951799,0
2024-03-13,78.2895250513758,45.60787667891151,57.50307842848168,25.910035722716007,49.484410367931886,13.361849252404367,17.174666379687714,7.031073194289136,0
2024-03-14,64.53870446346816,42.32945735733978,60.43706994123496,34.32365895383391,55.35629944328511,18.00831804277571,13.293469946395682,5.860294046853923,0
2024-03-15,69.2879096305299,43.53280420728247,56.8800956171345,32.78425251245328,47.620085753442474,14.416905770039406,13.618614283883861,6.5790340237983935,0
2024-03-16,79.97249915598978,42.93443410039974,48.0791735997434,34.88412329744476,54.010033544774174,15.587027116673935,15.180967454047876,4.561078296238353,0
2024-03-17,66.85767154758284,48.33513761966983,60.99964616292053,35.29116132197917,62.208222238459584,14.268787499940531,14.474181570014142,5.065810456778223,0
2024-03-18,87.3768789615219,40.320419634787314,69.66199589405255,27.149574813973942,45.32102996251934,15.505246087826166,13.797483641648235,5.919382943277523,0
2024-03-19,82.82226755445248,32.41927534692754,51.35946451690836,34.35006387864509,46.75617871057239,16.051957065247425,15.799740919297392,6.251657738228281,0
2024-03-20,78.50059986758366,51.75300091164573,60.165817369076734,31.53113878243669,52.15129991951911,15.0156502449864,12.70788816436778,5.493355924064527,0
2024-03-21,69.16454604031192,50.81940214748015,50.96087137562655,32.81110026783168,53.80642796051531,13.920000711633632,15.194986789631763,7.141150411926697,0
2024-03-22,71.0510712918201,44.84484715449815,55.2048170602354,26.75507359411908,53.211133595844124,15.38093628066658,14.254298694821728,6.2066080329404345,0
2024-03-23,73.79582857766434,55.89124734702226,50.871663603439615,26.879758345462275,58.19062255890744,14.947413407962037,15.323320984244619,6.5537657999788355,0
2024-03-24,67.67786202739575,43.07585241995261,60.3780097083033,31.654215006513034,45.0454716815526,13.122375041241007,16.084752335964005,6.153194739367377,0
2024-03-25,78.2348618745053,48.863604002295915,44.397384320419334,28.359292672900487,52.38513690563949,17.194638345838513,17.084645855381382,6.506978242705792,0
2024-03-26,78.44569831393461,41.75756160079587,55.16279521067903,23.324098810965886,58.08086372014468,15.236515911997339,16.29076562803468,6.282910669671963,0
2024-03-27,71.1985460326209,51.4787256672068,59.69267761544963,29.298157915349176,54.494119154035715,14.715071435129174,14.193432749161314,6.1735308151788635,0
2024-03-28,74.70126862543069,51.696980495093754,67.32885504390259,27.17456811449742,54.79223756416913,13.168726670587143,14.895715585963364,7.468600414138054,0
2024-03-29,67.8145666973831,38.74960618635507,60.22065449953479,32.25308106169218,61.809117975579376,13.435799176438273,15.477429459841701,5.788085340905431,0
2024-03-30,139.5715680794447,78.7694362940154,97.21088106558656,48.23746446053741,92.400337866357,40.79229398236242,32.670613266169624,14.937284713130921,1
2024-03-31,77.31502933941661,50.91213977144208,67.73633216000624,26.113136003120804,60.17129429734222,13.559363868891829,14.75326970505174,6.360715209476739,0
2024-04-01,71.03160432557813,49.01330999281826,58.917397802156714,34.06967999802507,62.796059606195676,14.794550456999838,15.980847564055892,7.221512549219568,0
2024-04-02,79.6431448150067,40.70155833489728,72.16218069405936,32.28017723708696,55.757458435348795,15.024132923791033,15.536145631709672,5.73852672015919,0
2024-04-03,64.52837907159694,48.06992457652186,59.754164165160596,25.758023401739138,58.88855145988933,12.17903182509719,14.413031169543848,6.347631833862854,0
2024-04-04,78.27237131794534,55.88337366345159,49.06274222672809,28.853428186646457,51.19766961720859,16.973276572082913,14.080069190217165,5.602275070665126,0
2024-04-05,73.06566330047283,37.90485738136439,66.32236647740834,28.546549397070056,49.68127354921171,14.766668797951429,16.086940424707326,6.889454327041749,0
2024-04-06,70.8771550479356,46.3206317574006,54.93720928165763,24.3854209126468,47.18632206738921,14.15713855611974,12.85918117451499,6.090279980221801,0
2024-04-07,82.1113680327938,46.04458614857314,69.60510441251658,30.80004585041676,48.41887001615686,13.96634996329322,14.440664549503731,4.80532877803848,0
2024-04-08,78.02734643162636,46.93069560265378,65.9005703228695,35.69525962254679,62.55311479302814,13.004319141987809,14.37425351878239,6.60203211857367,0
2024-04-09,64.85170507191987,46.085797158917686,56.12759594511734,25.427354857213523,56.0751188689151,15.010736556878426,17.59231954849115,5.76707343231232,0
2024-04-10,86.60035671381453,44.00539363753683,61.83457937664817,32.87475760437334,57.98736806276296,15.913346298613877,13.992736966189515,6.664990877865382,0
2024-04-11,74.15165073307244,39.840714304489104,66.16865493408099,29.43247487555316,57.463596244404606,15.480523915819488,14.514816166447202,6.1062019993231145,0
2024-04-12,75.29641054712947,42.52519711349251,68.52347998995356,29.318114686879287,56.12699408950122,14.587631178220539,15.99488661356388,6.030286838517718,0
2024-04-13,66.24560659707164,47.389871801336064,72.69458234548414,32.414267299215986,63.09708669562197,13.732390521332782,13.361590778245215,6.281281015613233,0
2024-04-14,74.75673250442352,39.44381282988455,55.75058350822687,29.96088271784624,52.237449753936865,15.750575214891855,13.553900829509598,6.085554290563603,0
2024-04-15,79.20342739862735,47.55537408409025,61.86767436932794,29.346623179517067,59.59603660988984,15.503236495026936,14.3823079511405,7.377791165662809,0
2024-04-16,64.4183696127903,45.21537482957402,57.888216306933195,32.11839905463298,52.13013689917417,15.494123608352547,15.360745463858727,6.216643517827651,0
2024-04-17,90.53089415833954,42.40443550200172,56.99663821410448,28.52280267343388,51.2626420207378,13.763587931858835,16.75831576123706,5.505408421946299,0
2024-04-18,74.14562268956193,44.1615574101792,66.28224944410155,26.27790496328576,55.446556400142356,17.109362340374958,13.494794516970599,6.333353929809958,0
2024-04-19,85.82540981652025,52.10200039205523,55.626623615800725,27.574009980257422,54.459300828936094,14.530060843787972,12.09687479806843,5.475109629674758,0
2024-04-20,76.24468237483585,47.51219148993196,63.798980875321604,35.94149935746671,48.13811193849842,16.309722116219092,15.621908097549916,5.364847574047223,0
2024-04-21,84.14131187662193,55.277378780459586,49.47743436796578,35.86949406388567,52.74859765613435,16.431339220291168,14.081114953788656,5.969934369910985,0
2024-04-22,54.90915698472254,47.0180613366875,46.59828487975857,35.096328630060235,46.47573435660239,13.445892059075888,13.83812215114695,6.776784516170239,0
2024-04-23,80.38930653904654,44.67343962131069,58.16944375117702,24.21493989702251,53.22490901707014,15.014005705636745,15.106039176160376,6.199249769348445,0
2024-04-24,70.95813903122348,45.411489110948494,66.39879792691264,32.591843635072195,46.21729954099449,12.718747365611804,14.55496514238035,6.59935182592451,0
2024-04-25,83.4166270539279,51.92369811731458,63.30533749974987,31.25810527705483,48.28846104061944,16.191302223692727,16.32206111536344,4.082694070070247,0
2024-04-26,76.37378557021896,46.03478922837264,55.35833293697807,27.669736993327515,47.94759285521713,14.992947732390112,15.279749227878346,6.303192578458759,0
2024-04-27,68.13288973540377,46.55459618943666,53.43784232786761,26.82423008845296,41.740406743743534,13.185924469863883,14.227554044186967,6.6761485923859025,0
2024-04-28,89.10837841883045,40.13357033926746,60.02833733226321,29.263057898706045,56.96047318674134,15.510501323206196,17.273302162524054,7.376370230612164,0
2024-04-29,76.65850118928014,34.700443973978956,64.98901101841648,30.21683645124557,50.6406242763428,14.55892028345814,13.386998756660457,7.51925095558686,0
2024-04-30,67.36679994597189,41.27595298620855,61.60887382959365,29.18194949534127,46.70479439697773,13.173816176617017,13.774783799348189,5.559321322767246,0
2024-05-01,70.04970806190555,45.34191684750417,58.513293449409915,26.64806867404961,50.03731519267032,17.000973938950512,13.52622704300494,6.288818866239105,0
2024-05-02,81.07439527455496,44.381189280976066,57.994387753228985,29.351878232164225,62.18189180949583,9.981195906072818,16.2224554566005,5.719759471976967,0
2024-05-03,79.09902696512343,37.809739532618195,54.05883503254331,25.245107586197783,51.658990738663,12.76980504917487,14.786534547976776,4.961187593560027,0
2024-05-04,81.04867832984944,45.687722766485386,63.02027325080742,31.699150240849278,55.214484632823186,15.317880623297823,14.074929975610313,6.578938773432619,0
2024-05-05,62.021332340896166,39.017401060106195,58.77283119204483,35.55245304008384,52.24863601943742,13.77395207673111,15.175072787271807,7.5293528414300885,0
2024-05-06,60.109898211111755,46.100379165697575,72.8936630224008,31.479046231690987,54.491787106534574,13.747670364682259,15.640800672902378,5.903857507593124,0
2024-05-07,75.25030433316971,50.01443214051638,72.33739409632652,24.114018281089876,57.373972649618636,16.794353330397602,14.38292330100695,5.844498432208741,0
2024-05-08,80.92182849689175,45.7764509471778,60.87227873845928,33.41939520715635,51.694125466672595,15.825344865979394,16.66172404463646,6.120757014573624,0
2024-05-09,74.0898491702425,43.19030247433582,62.54999749006584,26.698118351943773,59.215791909785956,12.092063776553598,12.012364860941073,6.612053894746686,0
2024-05-10,75.2841557106748,48.80960671938875,63.56885502981516,33.76500925312584,62.70524673329114,14.45103682741366,14.406762747764096,5.7735498768489695,0
2024-05-11,84.001717142192,43.302700286888076,58.881538635825855,33.63521436098575,47.82027848583428,13.534783631669155,14.815368488272744,5.539049458687161,0
2024-05-12,62.87486015467316,43.223107623385154,63.386213199729916,30.445610398501113,47.67207518152831,16.03609530996291,16.21137546787906,6.510979331473376,0
2024-05-13,87.841706325486,48.34113771832175,48.95890411708061,28.066077285990993,66.30959906866765,16.0218164751909,14.079687407807764,6.088110777484088,0
2024-05-14,82.35446499329484,42.71523668452644,69.29626317160078,29.79942144897171,49.59799638786598,15.320144697830042,18.03432905342148,5.19677540358979,0
2024-05-15,83.38010109816308,45.67561147459248,62.30819322707441,25.52848615519893,51.72717017711913,16.729277624301503,15.210508925324623,6.80944731789161,0
2024-05-16,85.19439513818631,49.03469854959847,64.65618667064317,28.272689549400443,57.23077752399497,14.865723966228659,15.5684622027524,4.607891951460164,0
2024-05-17,67.74000159642276,42.24839207195036,59.226551524853654,33.60236871028876,48.78119397212317,14.711910607798014,14.786782987808241,5.388115330848618,0
2024-05-18,79.86454190755022,39.03866980424846,53.84059362358986,28.68313578760993,58.77050995892499,15.990324417842908,14.412192142976881,5.611177419090039,0
2024-05-19,68.92572868134393,36.28835303816982,61.2376927037204,34.132575851262224,53.75664916038066,14.707344298706746,13.68525723805444,5.148642805813632,0
2024-05-20,62.394112689634255,44.54713570899733,55.98962750428204,31.55633392857144,45.42255514426324,15.100488738917079,19.34265393283335,5.904713352419381,0
2024-05-21,78.6735562232372,39.748692492619895,65.11460955425106,30.99441794279701,54.77895498919504,13.726450451491408,13.162572826836135,5.971818217842759,0
2024-05-22,60.67964697040298,37.23142005247395,55.9074673731526,29.373913563634225,55.69785128339449,14.240931178941146,15.230242347366401,5.16623872663209,0
2024-05-23,81.56942043328685,50.10692091719623,52.28728234573275,27.960312441748805,54.085705193680255,13.986145548956948,15.830089741291737,5.9587798594553085,0
2024-05-24,74.01427530009686,44.247784821846196,54.51897943435222,32.12898306866069,56.88138006656551,13.727338128272944,13.645542035429898,5.21598788414598,0
2024-05-25,72.88305678306897,44.45879550397835,56.16184902642834,31.78408048896797,50.735389080495544,13.96581846668834,13.187629242735795,6.1107037672973386,0
2024-05-26,70.58147434475562,50.53317267747182,53.629285337010856,33.16194768430383,50.7739275709257,17.33464292689401,14.209946455011085,6.933428769117224,0
2024-05-27,71.56771083304969,35.74871844409553,61.24468641717196,28.31047054867038,55.15580239838081,17.57265509109553,16.68711919983788,5.805477010474446,0
2024-05-28,123.11976171203193,100.08275376717111,101.86498015551773,80.41289772629284,132.92124614964098,39.71011659941166,34.44134110864543,13.802445585632189,1
2024-05-29,87.30039789730675,52.542423717714016,60.20155486401329,31.306993169127736,59.22761459305649,16.992579900683833,17.800474087768315,6.394707133628712,0
2024-05-30,73.50658463244889,42.79962851205711,55.13502728966908,33.3640599533506,51.01008921870952,14.208493734538056,15.87961318026393,6.282414826857649,0
2024-05-31,74.92931504426825,53.13134879465723,66.61555114476734,28.747407429064754,56.1529799695296,12.374545774161525,15.312388236264827,5.684208378491828,0
2024-06-01,68.09471336086499,42.603961662064215,53.95244036690301,30.22056244378511,53.567793669342585,19.188172405869288,14.00897102633537,6.46440207253258,0
2024-06-02,67.0969690907267,41.25493389147541,60.24250747067124,31.62046229756985,52.550620721730354,13.093891655071443,14.459262378085567,6.394055486004205,0
2024-06-03,80.74663099185821,43.23309835933517,53.273462276855625,29.362332127765583,59.977044425548485,16.617966098490474,13.060168280512475,6.582622709167962,0
2024-06-04,78.69454656734987,46.55005336934995,52.4596956650024,28.690662972727452,51.092765177332005,13.401931458675023,16.341865265258527,6.1476000298537175,0
2024-06-05,67.62761359207451,45.939451577715296,61.90140698448425,33.24797798228544,48.94998968202647,13.406873652826423,14.802388493900523,6.829759560908673,0
2024-06-06,73.05474695523223,39.13036327799161,69.1925331863379,28.929822337113258,47.8522324187255,14.036255833862981,14.224434016498881,6.120481307401955,0
2024-06-07,73.34567840907867,50.462241382527765,60.60787624331204,26.054458904234608,56.07434643864183,15.928898305392329,16.975226702070437,6.043183406887371,0
2024-06-08,74.66398684735181,43.9123618749619,74.89412594962414,26.256243571738402,51.09849919309316,15.664354433863931,16.08619130053705,6.171603960960304,0
2024-06-09,76.86684811887153,45.99752328778276,49.36314225805121,31.69051232810372,49.9118846868127,14.098314504060243,15.19297939136503,6.170996606280948,0
2024-06-10,194.10230835619302,116.72613197847683,111.13894695713144,96.58361230404304,98.24924022028534,34.39941391867995,31.88784950345335,10.468914557790443,1
2024-06-11,75.96336557777018,44.4486865200158,55.46861244260862,26.302212599258517,47.32897237643046,11.747449111143178,13.52241553979806,5.8540633377352345,0
2024-06-12,75.9856707941317,38.058393322208076,63.04207190401418,28.81071897887608,56.22559856338722,16.4192586620999,12.711194145512959,6.5787571918568695,0
2024-06-13,78.31641604478571,38.97066650140969,62.85729112782509,27.876464311610057,56.874391797718346,16.10360655558642,17.21564962035044,7.2192179915002495,0
2024-06-14,94.74380504214182,41.66503402451699,66.6165329487943,31.702476283994493,58.1471029937038,13.403320521779145,17.262924252757355,5.577785312140892,0
2024-06-15,73.64562833786093,42.58132948770418,49.76058495369089,31.759999845063472,50.19758628607168,13.67569049027999,15.5869801120784,5.55015783429727,0
2024-06-16,71.35284222944205,37.21159317824187,53.97744985852054,32.95310606034052,61.02596375265809,13.324473018802953,12.965789529239544,5.721965510734088,0
2024-06-17,85.33387934969205,40.493047930903415,67.63605122941526,29.532289269848565,52.65977013580782,17.052764672461674,13.923689937545157,5.914458501556921,0
2024-06-18,78.22756149313949,43.98062860712146,72.85262630565514,29.583836559687416,48.71091126902025,16.331509018467056,14.540736176506156,5.858914852192979,0
2024-06-19,86.84608856667197,38.43079102591595,58.27182218624506,31.622368060862634,55.69359312477807,13.916374955008095,13.276748767350849,5.825897508286108,0
2024-06-20,65.4464250691225,51.151561764557414,60.19417022873525,26.193097744171205,49.70795889491684,17.4085370909737,13.797797678641265,6.53484691011778,0
2024-06-21,59.45312566694701,52.182001386037584,63.12712908854515,26.32801852997534,62.434971652314,14.61648303204839,18.05936535430014,6.752433179873576,0
2024-06-22,77.4304523829137,37.043932993193486,61.60218889172035,29.47407386150444,51.61087386204231,16.12557476132703,15.822283226515776,6.165552858557332,0
2024-06-23,84.89088683835402,49.516904487512974,71.38794847750074,27.632391554402407,45.34285526470384,13.788034605914449,11.751699903719574,6.628809363645925,0
2024-06-24,82.03198373759263,52.61547999920898,55.859058958400915,25.669359740082967,47.88216620973809,16.35943470347273,14.879467756751817,5.277211879709022,0
2024-06-25,76.35187208531212,45.9610953257085,59.942817486547305,31.419426251595336,48.731765024819055,14.810371564727355,15.938476013798443,7.571803947522478,0
2024-06-26,84.93629410789855,34.77655253703335,63.454770097059175,29.679684585327927,40.66088692536361,14.816329906483423,15.123320238821636,6.040138693263318,0
2024-06-27,66.51098746470504,46.35449704740815,61.53556747893725,28.112157706098046,53.25631644704388,14.307520011981488,15.850466582003655,5.684877199933205,0
2024-06-28,68.55059107038481,41.26744139039816,54.146504378870276,28.73492592753424,65.10071528555396,13.135328482237938,15.457062650809572,6.0034638106438045,0
2024-06-29,79.068044654849,46.841814279655,58.86925802845395,34.28957884419072,57.34073171409409,13.157068675731095,14.740307009946688,5.9977753596937395,0
2024-06-30,71.9027226623129,41.40700998502169,61.60293631703826,32.8611330127166,50.906965439119006,14.733281185398507,12.584537039058857,5.671828989003147,0
2024-07-01,56.08361717623645,42.83525717264874,62.67533397427706,26.558852126186565,66.28872267411401,14.632477823887784,15.313776686459885,6.868043146746112,0
2024-07-02,75.18506973279324,45.918910104595156,67.59585784689553,26.078627050518165,50.07838606123537,17.038582034784316,12.8063902637175,6.4050048640823345,0
2024-07-03,72.96830810455329,47.80074835029333,65.2960519198229,30.644477162812574,47.41449428703486,16.170694633623697,16.36731243761176,5.897209563893532,0
2024-07-04,76.69207972850329,45.16247067858428,56.17034490050471,29.914893427337475,51.82366769037744,15.330332391925277,13.756874520689443,5.78468214726591,0
2024-07-05,89.02344265292555,44.11132580504095,57.20023105370075,30.69762464944607,49.34597951640703,14.236701332709492,16.88291986379175,5.395463740440205,0
2024-07-06,65.97149528615503,47.02237982885862,60.60135105861679,30.922687051842185,51.5522932230408,15.211439948753418,13.774848234347196,4.947619556295596,0
2024-07-07,85.55101266073243,42.73456483072898,66.23697836523473,27.647402160487005,51.734657527783575,16.002917132936485,13.061818163260334,5.731900039466533,0
2024-07-08,85.21351781403237,48.07385665946603,67.19299837895814,27.099662389763115,56.072824916456305,15.67962747966132,12.301667195910426,4.960393929672718,0
2024-07-09,68.36586266260319,39.85126530219504,62.94619149165384,29.559716264330312,53.78025089568016,15.32857777210703,15.110997153443858,6.140740656746952,0
2024-07-10,70.51375920858632,42.285888775829704,58.70346162413,26.283757968889805,52.35758421166269,16.40187922923221,13.141748397299652,5.873496293183846,0
2024-07-11,87.905490404672,38.34030909793715,52.96675651062449,28.687697054766957,62.28535765396363,14.787463835383912,11.883520026592535,5.15273651950361,0
2024-07-12,71.82885875309638,49.28241666872376,47.67603084408972,26.914369262316733,49.65566280709435,18.12232121054577,15.91170574126288,6.524980472880112,0
2024-07-13,60.83161807260401,44.46581158670514,46.85140103783479,27.236766653847106,56.36845660648696,16.435359042882705,13.959201380580005,5.892019405979619,0
2024-07-14,76.3344040600727,44.62469181097097,66.85294765053624,24.81878506972858,44.50214204718678,15.332533516553069,16.383359454242328,5.711304915746722,0
2024-07-15,61.46360653015951,50.70941309102436,56.1859331528383,28.27314847742726,54.06490758722257,15.341932009465896,17.54973126819301,5.618910382452434,0
2024-07-16,74.24660800604808,53.062361927727245,57.9425906554686,29.294404903224304,50.28291065690158,10.66397805136429,15.706196541249918,5.429651950814094,0
2024-07-17,74.15887647959156,35.0337227086621,67.35219223248824,30.4181666233374,51.48277167302087,14.552908118128329,11.477975418305022,6.284337247720792,0
2024-07-18,72.13050849898875,43.02858276888516,62.769865887707766,29.964310738913486,52.53680930134715,13.620157151605873,16.063371084222297,5.9562016463723975,0
2024-07-19,80.883939563539,47.44111916216462,68.94141940402221,28.310317505421736,56.074645423985615,16.09088144372066,13.872155646188725,5.981316092534582,0
2024-07-20,55.19243872227515,47.000898545067685,69.25884613819977,28.394819916493,52.17675476414198,14.72522146043249,15.688504392327845,5.528151986216237,0
2024-07-21,70.43489646744848,53.61851254105416,65.92794281981581,32.424291104324105,60.61434343514989,15.371808167185616,12.313390042517957,5.693265304980352,0
2024-07-22,79.16189533193055,39.26648738121032,55.45312471770555,24.71009007309182,52.905245639282036,12.16847241201372,13.533478832607141,6.465285413166707,0
2024-07-23,88.08440887747447,45.85777615362086,60.48138813615986,30.34795993214924,50.561780249793024,12.23128204129657,14.13003303677419,5.836807599466819,0
2024-07-24,72.97442301031253,39.19439759193832,60.405432174528755,25.94008374139328,54.572402621629884,14.39988042903577,13.61008032464093,5.883980934487968,0
2024-07-25,75.14587202073372,46.41034172391053,68.2550249091649,28.68956424424605,47.75103942509421,12.094058271006622,15.053738049659916,6.4104978624606685,0
2024-07-26,63.28398604428976,43.215563434384144,70.7542524233925,33.04503133063563,61.02048544316654,11.957681894087166,13.318449099766578,5.650059375134807,0
2024-07-27,70.10842572890327,41.19392897344988,53.92785234918827,27.523768151400517,59.00028479020746,13.899869721600849,16.294914255562606,6.223395908710068,0
2024-07-28,71.45931291579556,46.08447843792843,62.154039192076674,31.43659297486433,53.23301145153054,17.212213988318,14.144780511216092,4.847798798832109,0
2024-07-29,76.72320376095207,48.14897885346385,54.42786255019069,38.40821044313096,57.20058351009527,14.914626360456122,14.252140330880092,6.662026704245278,0
2024-07-30,82.58673168205573,43.400132562523545,55.85386684973393,32.667409431840724,49.58248697032417,15.11350417615871,14.583199401230122,5.501166676146807,0
2024-07-31,61.2129629317531,51.22229183143349,59.983628892866555,29.922214167738346,53.79175039007433,15.150831245789771,13.812683016123053,5.9699201599645875,0
2024-08-01,78.7413877870289,51.36899620674865,48.92027810497777,27.060039985905085,47.929075511212574,14.96902518265746,15.927262089387433,6.066986606837215,0
2024-08-02,66.7746952800942,50.80995033718324,53.59925127316548,29.237134611388488,52.684816326514046,15.898750652206356,18.263841598806046,5.943029288025768,0
2024-08-03,67.26809535897313,51.26369038373131,59.890607376914566,39.20056558618822,56.85787526205815,16.22627387793006,18.330956673716535,6.516554438138298,0
2024-08-04,77.93488209175689,36.088923379292766,58.92852300373048,27.726685416286223,56.875223106122526,12.942171782837509,16.735013330902643,4.980804450659962,0
2024-08-05,79.21371173710361,56.99243101081158,56.77087503766599,31.309628366808404,60.59061396226779,13.262256919656412,15.996264655777898,5.419510633699405,0
2024-08-06,83.40291354753053,50.253336369776186,69.62065424993068,34.186980683778614,52.369010887712996,16.59990781100666,17.574754717335058,6.213705883490822,0
2024-08-07,71.83636391426838,45.66578257312952,69.9601675321626,31.857910978424623,53.65022157414693,12.757396476183501,13.944741933372553,6.710036919438698,0
2024-08-08,81.05814838994083,46.92657692406724,62.88597601491469,30.285862338442165,56.13368515921556,15.742078334826498,14.919807575600586,5.292503787657235,0
2024-08-09,72.4444353864341,42.25605098826155,57.34847440233365,31.932080556701635,59.025641896260304,14.737167902903785,16.951361068663047,5.920279466598698,0
2024-08-10,68.10356690315344,42.705639838420126,62.34146078869634,30.559734171268055,64.53461635058727,15.465563849373197,12.766734923786435,6.929969282012223,0
2024-08-11,57.481548971972806,37.47266028236891,63.538702554485276,35.74616165041685,48.173105193485746,16.008238416991947,13.192837805544718,6.119645886234352,0
2024-08-12,75.3592112077583,46.438010982586704,57.25194327678389,29.356637499782398,49.596258261188616,17.534394174280678,14.67956127833075,6.188751587690724,0
2024-08-13,84.33813848929442,48.406343729395545,70.5175493398499,31.836114208300298,53.63596664242258,15.121580014182982,14.511367375886561,6.440332688997658,0
2024-08-14,64.35190452892279,49.186542416067326,56.4216178724163,30.99947087921658,51.68602580788529,10.976675172114131,13.913083959000534,6.731263661901783,0
2024-08-15,66.08498466400906,49.495997326507535,57.37007216503542,32.52243946267675,51.48610721530722,16.733294504796547,15.178654744731324,5.032501311501491,0
2024-08-16,73.97120598240306,38.66427697131566,61.48151366633737,31.71540575878545,47.863452494589886,14.613256465393764,14.036396651264761,6.361625067132083,0
2024-08-17,73.43997696186256,51.103329221790794,58.07929388288112,31.90122561065544,47.51121868157677,14.50833613458946,16.182791183011656,6.7020578820603705,0
2024-08-18,76.18722881419772,39.22584451574433,49.503871789146174,32.93344285931692,58.83416589430518,17.379858856986075,12.56524489948655,4.837456574504274,0
2024-08-19,77.96714328649786,42.67725192327051,58.34464763091953,25.44546282685976,47.60556397745989,13.783834076293678,12.316241645263542,6.3610146308707245,0
2024-08-20,88.21630065696706,43.787656065535664,54.8510070455689,32.78994483224585,62.290325573801056,13.28185465231286,15.032762292995658,5.971504514625581,0
2024-08-21,80.66123419987348,43.08776163099279,61.35802594056729,20.9901074627072,48.699296135583054,13.040983397031226,15.48651614534555,5.354434200751534,0
2024-08-22,83.59203085622903,45.16383468310864,51.21163405549048,29.907643699073297,41.5729594589487,15.84327805187998,12.150407959059887,4.567679948367054,0
2024-08-23,76.70907559192686,42.472385782816566,62.466389286962645,30.06707100888146,50.329545212640596,14.215371823401915,15.090848419244038,5.080523264923191,0
2024-08-24,82.33539193109917,41.82431696958347,61.44961898676959,31.10297069792687,38.5476299919781,14.091642953604644,14.162565394245735,5.721085071070904,0
2024-08-25,67.49615779815268,51.645588282184434,63.38271265345144,26.934850856244182,53.93899897010519,14.493839204918338,15.516746166412002,7.038613854898722,0
2024-08-26,116.25754107393387,122.35959202112589,112.89682636948868,81.88992204696063,105.13056997452485,37.22192050994096,25.197844723674688,9.921998893133981,1
2024-08-27,65.20493063078126,42.60824459910009,68.88444325275387,31.14947790668678,49.08284957845253,15.690876886707752,16.35280088736463,6.793847910122465,0
2024-08-28,79.20136526269712,43.40814097253607,68.77149217104679,27.81142640745983,57.55230109892429,13.281624163670122,14.410096135900224,5.706603937747459,0
2024-08-29,77.56377310245792,45.2700367735052,65.09001165357766,28.541447041915173,57.421453396357755,13.792008191438004,12.842727346112014,5.254315463324329,0
2024-08-30,77.6100181363757,46.711360467441786,67.06737785164441,32.590963608877814,59.15356246883886,12.734589132477131,14.332545002364474,6.197449162563004,0
2024-08-31,88.31891017010769,44.883811384999106,58.94141676394587,28.831785197038474,50.60395294509087,14.709454862145423,14.792619928438565,5.599525198268288,0
2024-09-01,70.50290123580041,55.59589329186235,67.7143344311506,25.943686394496485,60.82454234156633,14.11192230059377,13.88069709493727,6.341745700430569,0
2024-09-02,72.29759275918309,49.51575867163902,65.41783622645995,26.497755188282316,59.51669613888116,14.965870868896772,12.798928162501898,5.971905262976041,0
2024-09-03,63.53309135120287,49.94515566192624,55.27390206194922,30.226151936798754,53.54377667460471,14.942121078818056,15.559013326191513,4.905059090102533,0
2024-09-04,86.38302345749592,43.65859397903841,60.38421289266131,27.7228009918276,63.43206370367789,15.422259981148416,17.73098813125126,5.848814537000097,0
2024-09-05,66.49257074321287,39.1618105489462,55.24455007295312,29.276293390568533,63.7179474996618,14.86495295122737,14.244264262276687,5.397306398054442,0
2024-09-06,80.55777321401585,38.45684106039126,58.2114190741335,28.69726576445013,50.11425707257803,13.58238258371811,17.714271650599887,5.219808591083375,0
2024-09-07,70.52829900137202,47.581605703960996,61.13817663564459,33.543629713481394,52.97161834638605,13.455080056617078,13.028067299422673,6.530414726966366,0
2024-09-08,57.71854937308637,42.78577442804906,62.99894115417786,29.88727153602904,51.9616707389323,17.249437461244938,16.11065174244623,5.768701453650314,0
2024-09-09,70.14163109390981,48.673939849985025,61.21559742779872,31.608254259379514,48.01078343253507,13.542252508997016,15.203891853888154,6.651142900691211,0
2024-09-10,86.77700860497866,39.20774104665262,60.57376887111417,26.032452189316732,59.30045367282362,16.840091735732706,13.939732914668948,6.356040781106306,0
2024-09-11,70.71823380492319,48.31810564816805,60.513808700133644,26.000406107305913,55.77163861402101,13.921262705409315,15.224225444779627,5.961629906595617,0
2024-09-12,75.0202914812273,48.4462972584526,64.2701129699188,27.561843810300466,60.95760300275212,13.737950715042572,14.248443014108357,6.907461325206707,0
2024-09-13,73.1366365591225,35.280904925231425,71.05456149725379,29.37476298475333,53.8000200134999,16.53868236047982,14.620628287777894,6.705575525464372,0
2024-09-14,69.53287190318927,40.1367403938912,54.41222022705943,28.35950952268418,54.410930344936155,17.4378099726836,14.865372072923922,5.802548276223629,0
2024-09-15,76.11519371504792,35.351126553794266,52.52377281041078,36.77656337100547,56.82718860511107,15.952581606394954,14.559098965354151,7.046145423863879,0
2024-09-16,75.07914506666796,41.469595175359025,60.50182790677065,29.623058135614908,41.164291876759805,14.24445837001938,12.452555117823378,5.854632638035112,0
2024-09-17,72.71820785062692,49.60311643736316,63.57791417745804,31.145989835403192,55.086894339736595,16.485527998224992,14.186354417380441,5.592139160166562,0
2024-09-18,66.95036040403515,48.943674094167754,71.6382654336037,27.66634801388829,56.40874668545547,15.29687170895734,14.652111101377114,5.405374379503555,0
2024-09-19,67.34662297710754,43.24390010533326,72.77815702193519,31.640018484735215,56.354575582272886,15.500049622273469,14.486493875489495,6.682840913372844,0
2024-09-20,74.89733337435615,47.62050730071683,70.2138810249723,25.39345798946462,49.842967439349835,14.526762475801133,13.844232751214186,6.450507434274829,0
2024-09-21,66.51648276605948,44.988251626636604,55.05020715693279,28.157547802818335,49.989493094201,14.25909736509743,15.877787667857373,6.506979871678091,0
2024-09-22,80.4709335746185,45.767599367786815,56.49383267438708,31.17832115270456,53.812700815315736,13.399704193735777,12.66647782841627,6.750485206727481,0
2024-09-23,81.67200326416129,40.058153343711375,61.69471602965112,28.331945720577384,50.30136784329339,14.451787608103476,15.188724562695473,6.358132549239092,0
2024-09-24,70.86629292356085,50.23886477724305,47.776905075258554,31.635664695307636,56.23441245205223,13.27989286240159,13.074478025967313,5.010591485272008,0
2024-09-25,84.05784169163881,42.57907444071851,52.93663248700865,31.429913276561777,46.134276296012615,14.324934943026756,12.653456390378881,6.688353220142355,0
2024-09-26,79.850466403991,43.73973649181449,69.51807119306918,34.631072914350476,60.89292690378503,13.692964904164526,16.8200733764954,7.025577915570255,0
2024-09-27,70.15076966316751,47.70368945382009,74.69677381496219,34.44275393443738,61.69578786332511,13.230997596946635,18.59071692285264,6.209546926146697,0
2024-09-28,66.02727715354428,46.92937533984178,58.091132797238124,29.316973920221095,60.87376489249453,13.300138339453767,14.119846491500756,5.9105717299011165,0
2024-09-29,86.39761328282736,56.75339464454119,58.656156928190995,29.742155311238022,45.04915368683605,17.00909527053775,17.55470576103454,4.734619354973872,0
2024-09-30,72.84896777725959,45.12815562790384,57.98337864413651,31.78454841965209,55.76426287070874,16.23638402676728,15.72789546894498,5.396896808923881,0
2024-10-01,69.88604015844054,44.7179937305483,61.39197105496034,28.623489684235405,64.75861449322286,14.580984659927802,15.663137088738639,5.8878560751192035,0
2024-10-02,82.99003891177985,46.265468968676586,52.80468813921547,34.72189021085599,60.611834208378056,15.781789251730364,12.903633260756921,6.118483510774513,0
2024-10-03,61.93806663459812,43.048597782944995,67.55482140156997,29.9091529898647,60.80667426293805,14.903687421670178,17.06681116161677,5.420226931275305,0
2024-10-04,69.72429753705343,43.11875913921433,61.84357045343668,31.31244895195249,55.92756535703724,15.91287527922684,13.158406820649239,5.312652422081257,0
2024-10-05,78.33837449429085,40.60542123167252,60.610272936716264,29.686705711559213,52.36651063785789,13.088195257849055,14.180443588877875,5.745299322489818,0
2024-10-06,90.65660242347393,44.81654436305902,56.323257438425145,29.69528260882331,49.93678795773604,14.927833887524654,16.091379381349036,5.743358160687733,0
2024-10-07,62.43167077666678,40.52611355370437,61.607393022872095,28.90977914089605,56.7043058013929,15.706230900960204,14.200412900075918,6.429412180896263,0
2024-10-08,72.257931615595,42.55181882266358,62.78826881835231,28.67414013596924,49.95006758460195,16.605897617693813,14.69852282701578,5.196740768650373,0
2024-10-09,61.266411609022306,47.96278685419491,44.776116300174216,27.71381384395395,53.21172659468877,11.455898919085556,14.862785979152617,5.904349824908205,0
2024-10-10,71.48334719979991,45.913557111113164,65.14965573192977,31.47899457247834,50.212069119497635,14.643475382036469,15.915714474885966,4.921419292935548,0
2024-10-11,69.1816173492201,48.21794537268665,72.70722076368125,29.67621023886806,48.006332082677126,14.30320261641646,16.651487903226702,6.51402006288313,0
2024-10-12,68.31950208714032,46.976728899393464,62.86681247207146,33.589235604598564,57.58109719541297,14.576627588808096,14.0337399893997,6.336537329659808,0
2024-10-13,73.24402786138282,41.82613887100279,68.2465368603977,29.437529620450242,54.856623994616925,16.207211885954482,15.044854602524078,6.7341097189876855,0
2024-10-14,80.35169164669584,45.36975709571974,67.80087859218968,30.092882686780705,60.664848996175806,15.851060832185226,16.563891115720455,6.5681650931671225,0
2024-10-15,84.87216802628713,43.73291408100333,59.979171938781484,28.577106475231883,53.705815122783946,15.13569273409898,12.290806633113508,5.425460926343418,0
2024-10-16,80.13516594720618,51.65523266106451,68.06724451547316,30.449066407776957,53.763256144942666,12.743336979613108,15.629888686788385,5.7944180434322305,0
2024-10-17,57.89121012172018,50.495947746873696,60.58385557287397,26.8240006729421,47.35363503135028,16.699171779005642,17.980756924070548,6.091063337325745,0
2024-10-18,73.03701134257695,40.70969653592702,52.224392904630726,32.22891881993363,50.646852113517184,14.376686577373174,14.967293596071558,5.839824472060253,0
2024-10-19,76.20634502637822,47.071808694148054,57.605627260447825,31.393346421015583,58.39248202855734,14.814820953063343,15.984296074441406,5.757148261717262,0
2024-10-20,64.24543141738582,47.19500786258475,67.39625189989344,34.16067803299576,53.5473974144567,15.586805405718705,13.515900750255344,6.958996434375276,0
2024-10-21,73.69338768351281,42.01813655207386,62.98029997807232,32.68133118222696,59.84814564495649,17.2109340798993,14.640423082288056,6.0226128848154845,0
2024-10-22,67.34529975426422,45.90581493401427,57.067069391326726,30.71471928747917,57.65527499491779,12.878792113325556,14.308275449271425,5.04067549638544,0
2024-10-23,88.03954081807163,39.87784395940186,59.91584796270329,34.21090002627042,57.78877220293852,15.350788064352308,18.46321631653988,6.189914132562878,0
2024-10-24,78.38899229890106,46.30438114683573,52.90720530262206,27.577847081788015,45.006531970895395,15.418954907123885,13.540045293579313,5.401991629727829,0
2024-10-25,57.60675702072564,46.68608884414643,66.24384451319716,32.910562588673905,58.149509480522056,15.131771245198633,15.438125516452128,6.781515657349002,0
2024-10-26,86.06372573677008,50.91174898774947,59.3667664106367,33.30206722750546,59.94338131015607,14.32711088624356,15.21882349548881,6.51868339290878,0
2024-10-27,88.0926518547931,40.47802413035558,57.50793956344751,29.331901198440065,59.08912713084436,16.677828544884687,13.675742557076067,5.854894344362009,0
2024-10-28,68.0277699001055,40.36899007012119,53.269684210049114,23.541716272173943,49.420102496600904,14.153899251107225,16.601275170730823,5.926867793925113,0
2024-10-29,85.88836805750017,40.83610718578967,56.836647218230866,28.71036298537658,58.30913258955341,16.265042690732233,16.352762510831273,5.664623761208419,0
2024-10-30,73.92781486805411,55.480973473345976,62.741556339884724,30.971734455521702,50.779657498885875,17.2512106217201,11.31680298225621,6.81245543180912,0
2024-10-31,66.33699658687553,46.54290031981435,51.03459580150143,29.957029854028107,55.196426931730315,16.235687808479273,13.597308931098507,5.659411467357132,0
2024-11-01,67.68089531443488,42.775704822988054,60.366744290617035,28.848559963184652,53.49600691780336,14.696660228448096,12.32678283282527,5.685763302766951,0
2024-11-02,143.3969857612881,87.49459204801933,153.96482889729282,44.6019491306477,148.70157447058006,23.23114806086327,40.0447251430519,12.309383969728477,1
2024-11-03,63.08083004772936,50.97624627269752,62.16583050498797,27.999773883558518,69.39739410639862,15.377405359044547,16.006368275687386,7.043555771797109,0
2024-11-04,69.5527576911401,51.5664795404826,60.54893918322794,31.16610034620206,46.109776849913,13.185525879854433,13.266106269349978,5.50997663706552,0
2024-11-05,81.55485809592723,35.564998007117076,56.1796783294065,29.450701895070868,43.12893504117896,14.758240474669083,15.251424292454232,6.200164357012008,0
2024-11-06,84.42682581715435,43.32684456033267,64.91971763158945,33.80865870025099,54.55960356956367,16.26701012418642,16.769376799957104,5.636392742826532,0
2024-11-07,65.98973747630784,47.54475798028527,49.62984041205441,24.569376765708753,57.65859072769429,15.680016556072077,14.943125868520807,5.7250065935915195,0
2024-11-08,67.2395523157855,43.299249786307385,60.58949630610982,30.636688356400498,57.19584985592692,13.83228102728028,14.694108525653482,7.174707564094299,0
2024-11-09,71.55952181685961,46.667122469252725,50.85635262293458,32.70296404785352,57.89669895623901,13.34740585083123,16.167245317009176,6.091592242818376,0
2024-11-10,65.38422829180357,45.953622288926184,64.52260533394993,33.477110232281404,53.03468129466258,14.77006973680321,15.385689520298166,5.916310161527289,0
2024-11-11,66.64863483239233,48.01844492768685,64.9389357713723,28.395907991834406,53.5419313088273,14.946570551767188,13.879926179683,5.906164359281006,0
2024-11-12,74.62095577351204,45.27162711679164,61.2779013636934,31.78958053114211,57.41215211647809,15.112633477416283,16.83927258776,6.235259514479667,0
2024-11-13,211.56865710736162,91.43206430419731,117.79200114322477,54.753357018892785,120.02075628291921,29.34646304188507,33.75935989672883,11.375062283890514,1
2024-11-14,78.08828505539941,41.40595983004101,60.36013116670019,27.127870625857547,53.23944363348597,14.903814881123457,15.561447732753143,5.652286868434925,0
2024-11-15,79.12503790178191,41.16150106940999,43.466247358220414,34.10770367354366,53.28659365739896,18.40203350714775,14.660928579345004,5.267886596938701,0
2024-11-16,80.37074175200681,46.48936785847071,53.80368026055068,27.478081339320777,44.693365491075305,17.083839730977108,10.717044629692433,5.674552038287763,0
2024-11-17,92.00212988282887,54.37175942840436,60.44119932653637,29.46929083323741,48.00421505026546,15.509753582143691,15.065984524280791,6.702777112667417,0
2024-11-18,179.58913439846472,113.15984822803433,101.02321353423045,57.26260729858494,105.76994236183246,36.41043983063596,30.18052197442473,12.890771892741064,1
2024-11-19,86.0263981634632,44.81422748211783,61.08408832218919,27.598236970576515,59.476911592837844,15.618431524692559,15.480836074471242,5.358676138618987,0
2024-11-20,74.2561494697702,46.7311864240301,58.84130003718135,26.487283028700926,52.733609637543864,16.632065037180336,12.607720125636972,6.164906206122663,0
2024-11-21,76.5309525959424,47.772642137346324,57.22783700267485,24.48578214188823,50.03899902813356,16.9740957244133,15.16594465498657,6.280401331807491,0
2024-11-22,80.35738311941851,56.33395756998791,55.455539648772664,24.76972992667962,43.857734966921406,16.023937833618817,13.97638908445032,6.141524591649228,0
2024-11-23,71.07923899323636,38.05720728701979,55.139254493309906,27.018455328861506,54.202502363286605,16.108574208550223,15.136523519888678,6.8455002256551705,0
2024-11-24,72.37146310715734,47.38134560918158,61.141662131316174,28.16556257136651,56.96895555692281,15.90434291067334,17.638953182274907,6.908707159381169,0
2024-11-25,74.18369486631687,45.836103427384074,59.397244539632624,29.83149801223141,49.206383292244745,13.685047002519898,14.462042858570623,5.25568754445719,0
2024-11-26,86.19012570019193,36.2758429928611,58.07958501580323,31.735699412515647,56.83857382208541,13.939090063553426,15.267090164922308,6.00475688732087,0
2024-11-27,83.94082664422828,44.798424434165035,55.42882061059014,32.96624015457132,50.2504652687998,14.938510388422852,17.51480564277834,5.0473917164623865,0
2024-11-28,74.60724356322899,45.774991380571485,66.40004255901171,36.1220604376137,49.84747238296388,15.421385317364653,15.393149354685429,5.526295930917272,0
2024-11-29,66.51130239658691,42.064219267033714,57.86618790455313,26.57115566203063,55.19672089808432,14.521628221653472,14.444946976102774,6.286738639006678,0
2024-11-30,72.51125817483413,47.7748900143283,62.62927190044496,32.55704220412743,49.44918580748209,16.0554104347522,15.11825839486623,5.395517647971779,0
2024-12-01,79.36591473618434,42.470752401141944,57.299664376301806,29.29966058416539,52.9915043100649,15.309910359727708,15.998977526859827,6.4739631368153105,0
2024-12-02,72.30257290114014,40.087548357727805,57.29775521127894,34.36446535478979,55.590896940675094,15.64526072239148,17.052359090542257,6.117751702948506,0
2024-12-03,68.61045554186181,41.503791300656644,62.535416504037386,27.511069507282848,46.880029797383486,14.650834302075328,14.953002832304907,5.447080541188673,0
2024-12-04,68.86880603458322,44.10531116165553,51.41969950513992,30.870084126154293,53.644948797834495,13.944347899587678,13.484702935525455,6.137132759206113,0
2024-12-05,79.15444061185063,54.52400867484138,58.99771009378641,32.95998199069969,60.29745399177451,16.23216734102332,14.307938711255177,5.138623569446428,0
2024-12-06,79.50820758771361,43.12806911932183,62.96314167835161,29.83755528430385,49.21841083052933,12.44137362116389,12.763388416530201,5.218376812600492,0
2024-12-07,69.814876618995,53.928516149980396,53.13573470137134,33.185393162798206,58.88617507909782,13.555132558420429,14.255393522257103,6.105263452734402,0
2024-12-08,75.015742493663,41.394070536727064,62.3298426794762,31.166022163426504,51.802697982156346,16.87171599017496,15.177387749968148,4.9829819929093535,0
2024-12-09,74.89123470999769,46.85858085396053,53.35822524198482,35.58023035007138,43.59408805371291,15.698159688686248,16.700100893943585,5.5803623702749885,0
2024-12-10,92.05428008360018,45.31636982091532,65.23501109035003,25.441483389107905,52.870087590343076,13.014793101239995,15.695598003037356,6.281574807326255,0
2024-12-11,61.17823417167039,43.65927651094649,48.91196409569632,24.851671270024354,54.51884123900829,17.48297640253076,15.084975730097689,6.469777784660076,0
2024-12-12,81.44303485130287,45.49415738146116,54.16945050103477,27.969401300331448,58.0184430821829,14.117087812581884,13.042864134298627,5.4874320330474475,0
2024-12-13,68.19790523953888,44.98095275759901,64.02250725569408,30.532465784820758,54.085386300770274,17.28200854633173,14.367509374589932,6.757467263317516,0
2024-12-14,77.44240573414666,44.11480416665068,54.498979484596326,25.414317270705713,55.54018701068505,14.727561413667404,13.634888809574688,6.4722065755947344,0
2024-12-15,70.46954673312392,49.23031890812969,55.17367502677346,28.879259635053007,54.24947723643852,14.957349387612776,13.966203764196182,6.1027508506544255,0
2024-12-16,77.74988195710318,47.26038965266916,60.75584325502217,31.58809011265742,43.781373092367645,13.321718474660084,16.078130330451483,6.349585637382045,0
2024-12-17,77.1961972704059,36.99181860198236,64.40310818805793,32.805078584967895,52.587954625754946,14.287114207746079,14.937984818555648,6.6493534787184805,0
2024-12-18,80.44733203579982,48.61375042452181,68.13849283035154,27.605756012421505,55.45432003190515,14.46290483125695,16.01877142919384,5.394498951616892,0
2024-12-19,76.88527411758925,49.054113577442926,59.097214654241846,28.239425815452012,54.09691616676388,15.171143742272408,13.706835400475091,6.472924478935352,0
2024-12-20,69.93342278617254,51.56044416046106,64.85843175436386,28.152912140511113,55.33321767718511,13.089525986688653,19.253185916684107,5.700502039529353,0
2024-12-21,62.091459487135104,52.799639582438985,64.37832341574902,29.575121199571424,55.49217851144448,15.269862884701556,15.721961622074922,5.3096667637312995,0
2024-12-22,64.60779682215995,50.01580147659833,60.70557547371528,29.57183234655036,56.86636447019609,16.128198386707044,16.742466566830785,6.216830946307642,0
2024-12-23,73.60658943076123,44.98082405264904,56.55263934062071,30.141787283499923,65.68627921100888,16.17196904464391,11.561095614699145,5.999950092541448,0
2024-12-24,74.93071649962798,46.711401951806806,54.01482457434209,28.637241993270113,56.385258291814466,14.294025959290744,17.1719204913456,6.292287392001763,0
2024-12-25,77.70416356418801,42.62377513978808,63.18026555468347,29.76205598706736,55.559591614532,16.52620977335939,13.636701839441454,6.38787872234983,0
2024-12-26,83.71773202119101,45.51727297778965,75.25655351532765,27.887858946210784,54.38511235454984,16.346703092319466,14.132055612012959,6.005869264609168,0
2024-12-27,82.0652608644536,40.12320999495276,52.98213280236974,30.78819577990935,58.41381047601696,13.554985759497981,15.83971441317304,6.0341715266382385,0
2024-12-28,90.3820758550251,43.81620214715379,64.58469077163767,34.950824203391875,58.101781853089136,13.92714875155255,15.774246848944847,5.453116073555815,0
2024-12-29,77.73244433551125,49.434012467543646,58.400886310712785,33.781728507422244,51.29017289076761,16.341585735747717,13.85906855318011,4.94094257221165,0
2024-12-30,74.66272570036682,44.961826941584306,56.35674626513211,31.94381903063598,55.91197454613335,15.46308185698198,14.175098948433694,4.941997638531149,0
